Vibration,Latitude,Longitude
-2004,48.00611 ,0.199556 
-2004,48.00613,0.199557
-2004,48.00615,0.199558
-2004,48.00617,0.199559
-2004,48.00619,0.199561
-2004,48.00621,0.199563
-2004,48.00623,0.199565
-2004,48.00625,0.199567
-2004,48.00627,0.199569
-2004,48.00629,0.199571
-2004,48.00631,0.199573
-2004,48.00633,0.199575
-2004,48.00635,0.199577
-2004,48.00637,0.199579
-2004,48.00639,0.199581
-2004,48.00641,0.199583
-2004,48.00643,0.199587
-2005,48.00645,0.199999
-2004,48.00647,0.2
-2004,48.00649,0.205
-2004,48.00651,0.210
-2004,48.00653,0.215
-2004,48.00654,0.220
-2004,48.00655,0.225
-2004,48.00657,0.230
-2003,48.00659,0.235
-2003,48.00660,0.240
-2003,48.00662,0.245
-2003,48.00664,0.250
-2003,,
-2003,,
-2003,,
-2003,,
-2003,,
-2003,,
-2004,,
-2004,,
-2004,,
-2004,,
-2004,,
-2004,,
-2004,,
-2005,,
-2005,,
-2005,,
-2004,,
-2004,,
-2004,,
-2004,,
-2004,,
-2004,,
-2004,,
-2004,,
-2004,,
-2004,,
-2004,,
-2005,,
-2004,,
-2004,,
-2004,,
-2004,,
-2004,,
-2004,,
-2004,,
-2004,,
-2004,,
-2004,,
-2004,,
-2004,,
-2004,,
-2004,,
-2004,,
-2004,,
-2005,,
-2005,,
-2005,,
-2005,,
-2005,,
-2005,,
-2005,,
-2005,,
-2005,,
-2005,,
-2005,,
-2005,,
-2004,,
-2005,,
-2005,,
-2005,,
-2005,,
-2005,,
-2005,,
-2004,,
-2004,,
-2004,,
-2005,,
-2005,,
-2005,,
-2004,,
-2004,,
-2004,,
-2004,,
-2003,,
-2004,,
-2003,,
-2003,,
-2003,,
-2003,,
-2003,,
-2003,,
-2003,,
-2003,,
-2003,,
-2003,,
-2003,,
-2003,,
-2003,,
-2003,,
-2003,,
-2003,,
-2003,,
-2003,,
-2003,,
-2002,,
-2003,,
-2002,,
-2002,,
-2003,,
-2002,,
-2002,,
-2001,,
-2002,,
-2002,,
-2002,,
-2002,,
-2002,,
-2001,,
-2001,,
-2001,,
-2001,,
-2001,,
-2000,,
-2000,,
-2000,,
-2001,,
-2000,,
-2000,,
-2000,,
-2000,,
-2000,,
-2000,,
-2001,,
-2000,,
-2000,,
-2001,,
-2001,,
-2001,,
-2001,,
-2001,,
-2001,,
-2002,,
-2001,,
-2002,,
-2002,,
-2002,,
-2002,,
-2002,,
-2002,,
-2002,,
-2001,,
-2001,,
-2001,,
-2001,,
-2001,,
-2001,,
-2001,,
-2001,,
-2001,,
-2001,,
-2001,,
-2001,,
-2001,,
-2000,,
-2000,,
-2000,,
-2001,,
-2002,,
-2002,,
-2002,,
-2002,,
-2002,,
-2002,,
-2001,,
-2001,,
-2001,,
-2002,,
-2002,,
-2002,,
-2002,,
-2002,,
-2002,,
-2002,,
-2003,,
-2003,,
-2003,,
-2003,,
-2002,,
-2003,,
-2002,,
-2002,,
-2002,,
-2002,,
-2002,,
-2002,,
-2002,,
-2002,,
-2002,,
-2002,,
-2002,,
-2002,,
-2003,,
-2003,,
-2002,,
-2003,,
-2002,,
-2002,,
-2002,,
-2003,,
-2003,,
-2003,,
-2004,,
-2004,,
-2004,,
-2004,,
-2004,,
-2003,,
-2003,,
-2003,,
-2002,,
-2002,,
-2002,,
-2002,,
-2003,,
-2003,,
-2004,,
-2003,,
-2003,,
-2003,,
-2003,,
-2003,,
-2002,,
-2002,,
-2002,,
-2002,,
-2001,,
-2001,,
-2002,,
-2001,,
-2002,,
-2002,,
-2002,,
-2003,,
-2003,,
-2003,,
-2004,,
-2004,,
-2003,,
-2003,,
-2003,,
-2004,,
-2004,,
-2004,,
-2005,,
-2005,,
-2004,,
-2004,,
-2004,,
-2004,,
-2003,,
-2003,,
-2003,,
-2002,,
-2002,,
-2003,,
-2003,,
-2003,,
-2003,,
-2003,,
-2003,,
-2003,,
-2004,,
-2004,,
-2005,,
-2005,,
-2004,,
-2005,,
-2004,,
-2004,,
-2003,,
-2003,,
-2005,,
-2004,,
-2004,,
-2003,,
-2004,,
-2008,,
-2008,,
-2011,,
-2013,,
-2011,,
-2012,,
-2009,,
-2010,,
-2010,,
-2009,,
-2011,,
-2011,,
-2012,,
-2012,,
-2012,,
-2013,,
-2011,,
-2010,,
-2010,,
-2012,,
-2013,,
-2014,,
-2012,,
-2011,,
-2010,,
-2011,,
-2013,,
-2014,,
-2013,,
-2010,,
-2013,,
-2014,,
-2015,,
-2013,,
-2014,,
-2011,,
-2007,,
-2009,,
-2008,,
-2009,,
-2008,,
-2006,,
-2007,,
-2006,,
-2008,,
-2005,,
-2006,,
-2006,,
-2004,,
-2005,,
-2015,,
-2015,,
-2029,,
-2024,,
-2029,,
-2033,,
-2032,,
-2031,,
-2035,,
-2038,,
-2033,,
-2037,,
-2037,,
-2037,,
-2036,,
-2036,,
-2038,,
-2037,,
-2037,,
-2039,,
-2042,,
-2041,,
-2041,,
-2041,,
-2039,,
-2042,,
-2038,,
-2035,,
-2040,,
-2042,,
-2040,,
-2040,,
-2038,,
-2042,,
-2039,,
-2031,,
-2028,,
-2028,,
-2024,,
-2018,,
-2017,,
-2050,,
-2061,,
-2071,,
-2071,,
-2072,,
-2068,,
-2065,,
-2073,,
-2072,,
-2061,,
-2061,,
-2045,,
-2059,,
-2035,,
-2021,,
-2022,,
-2024,,
-2018,,
-2017,,
-2024,,
-2025,,
-2027,,
-2033,,
-2033,,
-2034,,
-2035,,
-2025,,
-2026,,
-2015,,
-2011,,
-2014,,
-2011,,
-2014,,
-2019,,
-2002,,
-2014,,
-2007,,
-2011,,
-2010,,
-2005,,
-2004,,
-1966,,
-1981,,
-1993,,
-1996,,
-1996,,
-1993,,
-1992,,
-1991,,
-1962,,
-1956,,
-1943,,
-1939,,
-1950,,
-1915,,
-1925,,
-1920,,
-1895,,
-1921,,
-1928,,
-1938,,
-1927,,
-1945,,
-1952,,
-1959,,
-1935,,
-1945,,
-1938,,
-1930,,
-1948,,
-1957,,
-1966,,
-1958,,
-1969,,
-1963,,
-1971,,
-1973,,
-2012,,
-2055,,
-2008,,
-2015,,
-2009,,
-2016,,
-2007,,
-2004,,
-2005,,
-1996,,
-1985,,
-1997,,
-2001,,
-2019,,
-2017,,
-2056,,
-2064,,
-2069,,
-2085,,
-2030,,
-2037,,
-2054,,
-2043,,
-2038,,
-2020,,
-2023,,
-2049,,
-2043,,
-2044,,
-2019,,
-1989,,
-2003,,
-2018,,
-2027,,
-2007,,
-2007,,
-2003,,
-1981,,
-1963,,
-1958,,
-1942,,
-1965,,
-1943,,
-1940,,
-1948,,
-1943,,
-1946,,
-1956,,
-1962,,
-1952,,
-1898,,
-1887,,
-1945,,
-1900,,
-1949,,
-1978,,
-1975,,
-1991,,
-2014,,
-1994,,
-1994,,
-1996,,
-1988,,
-1982,,
-1964,,
-1957,,
-1965,,
-2000,,
-1986,,
-1961,,
-1979,,
-1985,,
-2003,,
-2000,,
-2009,,
-2013,,
-2014,,
-2039,,
-2054,,
-2078,,
-2077,,
-2069,,
-2076,,
-2065,,
-2053,,
-2065,,
-2075,,
-2077,,
-2069,,
-2054,,
-2082,,
-2084,,
-2087,,
-2087,,
-2081,,
-2073,,
-2068,,
-2091,,
-2108,,
-2116,,
-2086,,
-2112,,
-2078,,
-2076,,
-2078,,
-2047,,
-2053,,
-2056,,
-2052,,
-2046,,
-2066,,
-2048,,
-2053,,
-2072,,
-2075,,
-2075,,
-2068,,
-2058,,
-2064,,
-2071,,
-2047,,
-2050,,
-2049,,
-2042,,
-2027,,
-2026,,
-2041,,
-2038,,
-2046,,
-2043,,
-2013,,
-2018,,
-2032,,
-2034,,
-2038,,
-2046,,
-2050,,
-2070,,
-2089,,
-2082,,
-2076,,
-2078,,
-2064,,
-2079,,
-2084,,
-2077,,
-2100,,
-2114,,
-2102,,
-2104,,
-2104,,
-2073,,
-2077,,
-2108,,
-2105,,
-2111,,
-2110,,
-2127,,
-2135,,
-2122,,
-2081,,
-2105,,
-2100,,
-2091,,
-2139,,
-2163,,
-2167,,
-2179,,
-2182,,
-2161,,
-2186,,
-2188,,
-2196,,
-2205,,
-2215,,
-2168,,
-2121,,
-2133,,
-2119,,
-2082,,
-2093,,
-2084,,
-2076,,
-2127,,
-2130,,
-2098,,
-2105,,
-2099,,
-2083,,
-2117,,
-2135,,
-2142,,
-2157,,
-2150,,
-2140,,
-2139,,
-2090,,
-2063,,
-2079,,
-2067,,
-2067,,
-2109,,
-2103,,
-2096,,
-2098,,
-2099,,
-2102,,
-2082,,
-2068,,
-2085,,
-2119,,
-2094,,
-2112,,
-2118,,
-2067,,
-2056,,
-2065,,
-2054,,
-2045,,
-2055,,
-2051,,
-2031,,
-2027,,
-2000,,
-1965,,
-2020,,
-2080,,
-2048,,
-2090,,
-2121,,
-2146,,
-2126,,
-2102,,
-2025,,
-2007,,
-2021,,
-1976,,
-1973,,
-2007,,
-1996,,
-1954,,
-1917,,
-1914,,
-1892,,
-1944,,
-1963,,
-1973,,
-1973,,
-1928,,
-1936,,
-1907,,
-1850,,
-1893,,
-1894,,
-1912,,
-1877,,
-1885,,
-1905,,
-1880,,
-1888,,
-1870,,
-1879,,
-1872,,
-1850,,
-1829,,
-1825,,
-1853,,
-1897,,
-1903,,
-1918,,
-1961,,
-1927,,
-1933,,
-1942,,
-1973,,
-1971,,
-1923,,
-1922,,
-1897,,
-1887,,
-1869,,
-1919,,
-1980,,
-2055,,
-2051,,
-2048,,
-2065,,
-2078,,
-2039,,
-2003,,
-2009,,
-2039,,
-2060,,
-2103,,
-2063,,
-2063,,
-2079,,
-2081,,
-2126,,
-2136,,
-2179,,
-2249,,
-2217,,
-2221,,
-2215,,
-2256,,
-2267,,
-2229,,
-2259,,
-2251,,
-2251,,
-2237,,
-2227,,
-2245,,
-2265,,
-2260,,
-2225,,
-2176,,
-2177,,
-2154,,
-2123,,
-2187,,
-2179,,
-2205,,
-2198,,
-2179,,
-2211,,
-2252,,
-2220,,
-2223,,
-2227,,
-2190,,
-2163,,
-2102,,
-2123,,
-2164,,
-2178,,
-2153,,
-2169,,
-2190,,
-2213,,
-2207,,
-2188,,
-2158,,
-2144,,
-2126,,
-2098,,
-2088,,
-2076,,
-2074,,
-2057,,
-2034,,
-2025,,
-2022,,
-2016,,
-2024,,
-2033,,
-2041,,
-2043,,
-2041,,
-2059,,
-2036,,
-2049,,
-1993,,
-1957,,
-1995,,
-1997,,
-2003,,
-2018,,
-2022,,
-1991,,
-1969,,
-1971,,
-1945,,
-1962,,
-1972,,
-1960,,
-1955,,
-1954,,
-1960,,
-1962,,
-1976,,
-1979,,
-1988,,
-1983,,
-1986,,
-2054,,
-2021,,
-2065,,
-2065,,
-2028,,
-2005,,
-2018,,
-2008,,
-2016,,
-2035,,
-2058,,
-2038,,
-2064,,
-2059,,
-2073,,
-2066,,
-2077,,
-2097,,
-2089,,
-2111,,
-2029,,
-2078,,
-2123,,
-2055,,
-2107,,
-2175,,
-2169,,
-2191,,
-2238,,
-2197,,
-2182,,
-2197,,
-2198,,
-2207,,
-2246,,
-2257,,
-2265,,
-2285,,
-2261,,
-2265,,
-2279,,
-2277,,
-2296,,
-2303,,
-2311,,
-2300,,
-2304,,
-2310,,
-2309,,
-2286,,
-2228,,
-2263,,
-2208,,
-2223,,
-2245,,
-2270,,
-2266,,
-2276,,
-2281,,
-2255,,
-2257,,
-2303,,
-2260,,
-2269,,
-2253,,
-2247,,
-2238,,
-2211,,
-2207,,
-2172,,
-2218,,
-2165,,
-2088,,
-2163,,
-2069,,
-2029,,
-2006,,
-2008,,
-2009,,
-2018,,
-2016,,
-2001,,
-1964,,
-1957,,
-1925,,
-1915,,
-1905,,
-1889,,
-1893,,
-1906,,
-1895,,
-1911,,
-1901,,
-1899,,
-1893,,
-1885,,
-1886,,
-1886,,
-1828,,
-1829,,
-1874,,
-1850,,
-1844,,
-1830,,
-1886,,
-1880,,
-1881,,
-1890,,
-1875,,
-1925,,
-1917,,
-1922,,
-1935,,
-1916,,
-1918,,
-1975,,
-1957,,
-1966,,
-1968,,
-1978,,
-2005,,
-2028,,
-2082,,
-2064,,
-2109,,
-2092,,
-2142,,
-2170,,
-2156,,
-2109,,
-2123,,
-2125,,
-2129,,
-2118,,
-2116,,
-2136,,
-2139,,
-2171,,
-2157,,
-2121,,
-2105,,
-2078,,
-2083,,
-2094,,
-2123,,
-2122,,
-2125,,
-2099,,
-2189,,
-2171,,
-2131,,
-2124,,
-2108,,
-2090,,
-2061,,
-2077,,
-2053,,
-2038,,
-2049,,
-2015,,
-2033,,
-2001,,
-2020,,
-2023,,
-2026,,
-1975,,
-1990,,
-1971,,
-1978,,
-1970,,
-1943,,
-1934,,
-1901,,
-1901,,
-1893,,
-1902,,
-1866,,
-1861,,
-1869,,
-1924,,
-1928,,
-1928,,
-1942,,
-1958,,
-1963,,
-1945,,
-1942,,
-1919,,
-1935,,
-1950,,
-1968,,
-1968,,
-1972,,
-1966,,
-1934,,
-1941,,
-1903,,
-1936,,
-1918,,
-1920,,
-1915,,
-1950,,
-1983,,
-2007,,
-1989,,
-1964,,
-1985,,
-1995,,
-1993,,
-1990,,
-1970,,
-1989,,
-1988,,
-2010,,
-2014,,
-2016,,
-2000,,
-2016,,
-2007,,
-1967,,
-1979,,
-1952,,
-1945,,
-1941,,
-1951,,
-1965,,
-1967,,
-1988,,
-2019,,
-1988,,
-1986,,
-1989,,
-1968,,
-1972,,
-1984,,
-1994,,
-1996,,
-2000,,
-1997,,
-2032,,
-2089,,
-2126,,
-2055,,
-2066,,
-2107,,
-2073,,
-2048,,
-2061,,
-2021,,
-2058,,
-2099,,
-2082,,
-2033,,
-1981,,
-1972,,
-1993,,
-1993,,
-1967,,
-1955,,
-1950,,
-1987,,
-1941,,
-1928,,
-1933,,
-1935,,
-1919,,
-1962,,
-1953,,
-2003,,
-2017,,
-2042,,
-2062,,
-2052,,
-2074,,
-2064,,
-2062,,
-2077,,
-2068,,
-2026,,
-2031,,
-2041,,
-2047,,
-2058,,
-2048,,
-2049,,
-2046,,
-2041,,
-2045,,
-2048,,
-2026,,
-1972,,
-1923,,
-1988,,
-1967,,
-1936,,
-1980,,
-2028,,
-2011,,
-2034,,
-2020,,
-1976,,
-1992,,
-2037,,
-2097,,
-2112,,
-2110,,
-2092,,
-2110,,
-2128,,
-2116,,
-2083,,
-2121,,
-2118,,
-2103,,
-2108,,
-2111,,
-2087,,
-2103,,
-2049,,
-2114,,
-2079,,
-2068,,
-2077,,
-2059,,
-2060,,
-2050,,
-2034,,
-2021,,
-2027,,
-2060,,
-2056,,
-2049,,
-2055,,
-2047,,
-2043,,
-2036,,
-2027,,
-2018,,
-2010,,
-2006,,
-1996,,
-2009,,
-2026,,
-2014,,
-2015,,
-2004,,
-2009,,
-2003,,
-2016,,
-2000,,
-2007,,
-2007,,
-1997,,
-1990,,
-1983,,
-1979,,
-1981,,
-2003,,
-2004,,
-2003,,
-2005,,
-2006,,
-2014,,
-1993,,
-1992,,
-2008,,
-2018,,
-1991,,
-2002,,
-1977,,
-1986,,
-1984,,
-1987,,
-1989,,
-1983,,
-1989,,
-1990,,
-1988,,
-1990,,
-1970,,
-1973,,
-1962,,
-1950,,
-1954,,
-1949,,
-1947,,
-1968,,
-1967,,
-1975,,
-1972,,
-1976,,
-1985,,
-1965,,
-1993,,
-1983,,
-1987,,
-1978,,
-1983,,
-1978,,
-2003,,
-1990,,
-1971,,
-1985,,
-1980,,
-1982,,
-1967,,
-1974,,
-1950,,
-1946,,
-1951,,
-1969,,
-1969,,
-1978,,
-2002,,
-1984,,
-1985,,
-1965,,
-1980,,
-1978,,
-1957,,
-1946,,
-1968,,
-1974,,
-1981,,
-1985,,
-1980,,
-1988,,
-1985,,
-1970,,
-1977,,
-1974,,
-1996,,
-2009,,
-2000,,
-2016,,
-2018,,
-2016,,
-2023,,
-2021,,
-2019,,
-2058,,
-2050,,
-2039,,
-2021,,
-2025,,
-2023,,
-2026,,
-2021,,
-2044,,
-1999,,
-2004,,
-2034,,
-2023,,
-2022,,
-2024,,
-2037,,
-2049,,
-2068,,
-2058,,
-2069,,
-2049,,
-2035,,
-2029,,
-2019,,
-2027,,
-2044,,
-2041,,
-2043,,
-2048,,
-2055,,
-2066,,
-2062,,
-2065,,
-2081,,
-2069,,
-2069,,
-2072,,
-2090,,
-2109,,
-2092,,
-2087,,
-2080,,
-2083,,
-2090,,
-2074,,
-2090,,
-2094,,
-2100,,
-2100,,
-2119,,
-2076,,
-2084,,
-2106,,
-2112,,
-2102,,
-2106,,
-2098,,
-2113,,
-2093,,
-2113,,
-2115,,
-2086,,
-2087,,
-2099,,
-2089,,
-2108,,
-2101,,
-2089,,
-2105,,
-2105,,
-2100,,
-2118,,
-2119,,
-2114,,
-2128,,
-2113,,
-2124,,
-2136,,
-2123,,
-2146,,
-2152,,
-2149,,
-2155,,
-2141,,
-2145,,
-2152,,
-2137,,
-2130,,
-2130,,
-2143,,
-2147,,
-2139,,
-2128,,
-2133,,
-2132,,
-2127,,
-2113,,
-2107,,
-2123,,
-2088,,
-2082,,
-2071,,
-2058,,
-2064,,
-2075,,
-2073,,
-2084,,
-2061,,
-2071,,
-2076,,
-2075,,
-2091,,
-2039,,
-2102,,
-2095,,
-2061,,
-2063,,
-2073,,
-2051,,
-2069,,
-2086,,
-2076,,
-2088,,
-2094,,
-2077,,
-2069,,
-2057,,
-2032,,
-2045,,
-2033,,
-2020,,
-2039,,
-2038,,
-2023,,
-2021,,
-2030,,
-2034,,
-2046,,
-2024,,
-2017,,
-2017,,
-2010,,
-2024,,
-2027,,
-2011,,
-2004,,
-2014,,
-2023,,
-2015,,
-2019,,
-2022,,
-2036,,
-2044,,
-2031,,
-2029,,
-2048,,
-2026,,
-2037,,
-2045,,
-2030,,
-2028,,
-2026,,
-2085,,
-2017,,
-2034,,
-2057,,
-2049,,
-2041,,
-2045,,
-2039,,
-2014,,
-2024,,
-2013,,
-2008,,
-2003,,
-2022,,
-2034,,
-2042,,
-2025,,
-2018,,
-2024,,
-2003,,
-2000,,
-2031,,
-2026,,
-2027,,
-2014,,
-1991,,
-1996,,
-1990,,
-2002,,
-1997,,
-1976,,
-1955,,
-1986,,
-1964,,
-1948,,
-1920,,
-1915,,
-1919,,
-1924,,
-1919,,
-1920,,
-1933,,
-1932,,
-1915,,
-1921,,
-1923,,
-1913,,
-1949,,
-1986,,
-2006,,
-1987,,
-1984,,
-1977,,
-1952,,
-1959,,
-1950,,
-1950,,
-1948,,
-1967,,
-1963,,
-1953,,
-1958,,
-1959,,
-1950,,
-1955,,
-1951,,
-1943,,
-1943,,
-1931,,
-1940,,
-1930,,
-1919,,
-1913,,
-1910,,
-1920,,
-1926,,
-1928,,
-1926,,
-1915,,
-1933,,
-1937,,
-1960,,
-1953,,
-1978,,
-1982,,
-2001,,
-2016,,
-2026,,
-2022,,
-2004,,
-2019,,
-2003,,
-1983,,
-1976,,
-1977,,
-1967,,
-1961,,
-1936,,
-1896,,
-1880,,
-1878,,
-1880,,
-1899,,
-1923,,
-1923,,
-1916,,
-1923,,
-1917,,
-1927,,
-1922,,
-1910,,
-1912,,
-1917,,
-1914,,
-1909,,
-1911,,
-1925,,
-1935,,
-1960,,
-1956,,
-1982,,
-1979,,
-1992,,
-1981,,
-1969,,
-1979,,
-1981,,
-1969,,
-1970,,
-1973,,
-1999,,
-2003,,
-2007,,
-2000,,
-2004,,
-1991,,
-1979,,
-1985,,
-2001,,
-2035,,
-2018,,
-2027,,
-2044,,
-2055,,
-2049,,
-2069,,
-2096,,
-2089,,
-2123,,
-2127,,
-2141,,
-2159,,
-2159,,
-2132,,
-2130,,
-2144,,
-2139,,
-2139,,
-2128,,
-2144,,
-2162,,
-2138,,
-2131,,
-2126,,
-2113,,
-2116,,
-2114,,
-2084,,
-2048,,
-2048,,
-2025,,
-2010,,
-1988,,
-1998,,
-2045,,
-2055,,
-2050,,
-2080,,
-2071,,
-2045,,
-2022,,
-2018,,
-2006,,
-2019,,
-2007,,
-2022,,
-2012,,
-1985,,
-1966,,
-1950,,
-1922,,
-1936,,
-1964,,
-1982,,
-1976,,
-1975,,
-1973,,
-1924,,
-1929,,
-1871,,
-1868,,
-1897,,
-1870,,
-1889,,
-1906,,
-1891,,
-1878,,
-1878,,
-1887,,
-1907,,
-1885,,
-1891,,
-1908,,
-1936,,
-1934,,
-1887,,
-1908,,
-1914,,
-1918,,
-1881,,
-1884,,
-1904,,
-1897,,
-1904,,
-1921,,
-1908,,
-1932,,
-1933,,
-1874,,
-1931,,
-1907,,
-1925,,
-1954,,
-1944,,
-1939,,
-1978,,
-1981,,
-1991,,
-2012,,
-1998,,
-1975,,
-1985,,
-1987,,
-1998,,
-1994,,
-2053,,
-2061,,
-2103,,
-2064,,
-2039,,
-2033,,
-2008,,
-2056,,
-2089,,
-2108,,
-2135,,
-2137,,
-2127,,
-2122,,
-2112,,
-2114,,
-2114,,
-2110,,
-2156,,
-2140,,
-2156,,
-2145,,
-2143,,
-2160,,
-2168,,
-2160,,
-2151,,
-2160,,
-2184,,
-2166,,
-2197,,
-2189,,
-2162,,
-2188,,
-2152,,
-2132,,
-2136,,
-2097,,
-2073,,
-2065,,
-2048,,
-2015,,
-2005,,
-1988,,
-1974,,
-1999,,
-1986,,
-1926,,
-1909,,
-1942,,
-1968,,
-1946,,
-1944,,
-1929,,
-1913,,
-1961,,
-1961,,
-1938,,
-1956,,
-1957,,
-1946,,
-1923,,
-1935,,
-1976,,
-1976,,
-1952,,
-1914,,
-1903,,
-1869,,
-1891,,
-1909,,
-1901,,
-1874,,
-1876,,
-1916,,
-1944,,
-1924,,
-1919,,
-1878,,
-1870,,
-1834,,
-1817,,
-1810,,
-1827,,
-1797,,
-1838,,
-1808,,
-1819,,
-1847,,
-1854,,
-1830,,
-1873,,
-1882,,
-1872,,
-1886,,
-1893,,
-1927,,
-1988,,
-2027,,
-2044,,
-2048,,
-2029,,
-1988,,
-2005,,
-2032,,
-2002,,
-2003,,
-1962,,
-1925,,
-1908,,
-1896,,
-1900,,
-1901,,
-1881,,
-1854,,
-1870,,
-1874,,
-1886,,
-1929,,
-1924,,
-1889,,
-1917,,
-1953,,
-1968,,
-1913,,
-1907,,
-1933,,
-1944,,
-1965,,
-1962,,
-1990,,
-1994,,
-2018,,
-2023,,
-2047,,
-2030,,
-2056,,
-2081,,
-2077,,
-2063,,
-2056,,
-2018,,
-2000,,
-2009,,
-2006,,
-2012,,
-1989,,
-1974,,
-1900,,
-1864,,
-1838,,
-1827,,
-1852,,
-1867,,
-1866,,
-1871,,
-1882,,
-1895,,
-1910,,
-1901,,
-1890,,
-1888,,
-1888,,
-1889,,
-1954,,
-1980,,
-1991,,
-2001,,
-1993,,
-1982,,
-2004,,
-2003,,
-1987,,
-1972,,
-2020,,
-2032,,
-2011,,
-1989,,
-1977,,
-1991,,
-1980,,
-1981,,
-1969,,
-1982,,
-1967,,
-1972,,
-1969,,
-1968,,
-1980,,
-1976,,
-1998,,
-2025,,
-2025,,
-2018,,
-2024,,
-2012,,
-1995,,
-1996,,
-2019,,
-2028,,
-2060,,
-2097,,
-2090,,
-2105,,
-2112,,
-2113,,
-2102,,
-2084,,
-2055,,
-2052,,
-2047,,
-2056,,
-2031,,
-2014,,
-1992,,
-2000,,
-1990,,
-1969,,
-1969,,
-1987,,
-1983,,
-1961,,
-1989,,
-1986,,
-1974,,
-1950,,
-1983,,
-1999,,
-1986,,
-1997,,
-1994,,
-1978,,
-1949,,
-1926,,
-1899,,
-1890,,
-1869,,
-1836,,
-1825,,
-1847,,
-1828,,
-1821,,
-1841,,
-1826,,
-1841,,
-1840,,
-1858,,
-1865,,
-1883,,
-1888,,
-1847,,
-1865,,
-1876,,
-1879,,
-1869,,
-1851,,
-1841,,
-1874,,
-1896,,
-1909,,
-1921,,
-1903,,
-1927,,
-1948,,
-1950,,
-1929,,
-1921,,
-1927,,
-1913,,
-1904,,
-1891,,
-1888,,
-1879,,
-1863,,
-1856,,
-1872,,
-1873,,
-1819,,
-1791,,
-1778,,
-1778,,
-1758,,
-1758,,
-1793,,
-1802,,
-1809,,
-1823,,
-1834,,
-1800,,
-1807,,
-1823,,
-1836,,
-1807,,
-1820,,
-1812,,
-1777,,
-1785,,
-1839,,
-1856,,
-1855,,
-1861,,
-1837,,
-1807,,
-1805,,
-1794,,
-1830,,
-1863,,
-1856,,
-1847,,
-1926,,
-1930,,
-1908,,
-1890,,
-1860,,
-1899,,
-1917,,
-1960,,
-1985,,
-1894,,
-1903,,
-1858,,
-1887,,
-1877,,
-1840,,
-1852,,
-1813,,
-1752,,
-1818,,
-1896,,
-1911,,
-1885,,
-1937,,
-1980,,
-1955,,
-1963,,
-1963,,
-1937,,
-1973,,
-1994,,
-1980,,
-2001,,
-1998,,
-2007,,
-2017,,
-1984,,
-1997,,
-2008,,
-1949,,
-1931,,
-1892,,
-1938,,
-1923,,
-1872,,
-1847,,
-1753,,
-1757,,
-1716,,
-1747,,
-1803,,
-1715,,
-1692,,
-1747,,
-1767,,
-1791,,
-1722,,
-1668,,
-1704,,
-1673,,
-1809,,
-1774,,
-1784,,
-1795,,
-1798,,
-1830,,
-1830,,
-1900,,
-1945,,
-1921,,
-1862,,
-1854,,
-1844,,
-1852,,
-1852,,
-1833,,
-1852,,
-1820,,
-1831,,
-1838,,
-1841,,
-1828,,
-1833,,
-1834,,
-1833,,
-1831,,
-1864,,
-1876,,
-1851,,
-1895,,
-1916,,
-1948,,
-1913,,
-1911,,
-1977,,
-1991,,
-2093,,
-2066,,
-2098,,
-2045,,
-2021,,
-2052,,
-2065,,
-2043,,
-2027,,
-2018,,
-2066,,
-2107,,
-2072,,
-2109,,
-2080,,
-2104,,
-2150,,
-2126,,
-2149,,
-2168,,
-2155,,
-2077,,
-2044,,
-2082,,
-2088,,
-2157,,
-2210,,
-2224,,
-2224,,
-2240,,
-2211,,
-2268,,
-2279,,
-2224,,
-2248,,
-2252,,
-2211,,
-2193,,
-2193,,
-2200,,
-2215,,
-2210,,
-2216,,
-2152,,
-2146,,
-2172,,
-2177,,
-2206,,
-2203,,
-2236,,
-2209,,
-2193,,
-2179,,
-2174,,
-2113,,
-2116,,
-2148,,
-2166,,
-2135,,
-2133,,
-2077,,
-2064,,
-2038,,
-2016,,
-1977,,
-1996,,
-1971,,
-1964,,
-1943,,
-1935,,
-1933,,
-1978,,
-2025,,
-1989,,
-2021,,
-1941,,
-1935,,
-1892,,
-1875,,
-1881,,
-1899,,
-1836,,
-1855,,
-1873,,
-1867,,
-1897,,
-1917,,
-1938,,
-1931,,
-1922,,
-1883,,
-1901,,
-1897,,
-1907,,
-1880,,
-1868,,
-1871,,
-1869,,
-1901,,
-1856,,
-1863,,
-1877,,
-1871,,
-1884,,
-1944,,
-1940,,
-1921,,
-1913,,
-1938,,
-1923,,
-1967,,
-1990,,
-2027,,
-2028,,
-2058,,
-2041,,
-2044,,
-2028,,
-2007,,
-2009,,
-2043,,
-2046,,
-2038,,
-2049,,
-2019,,
-2031,,
-2095,,
-2095,,
-2137,,
-2123,,
-2103,,
-2127,,
-2116,,
-2123,,
-2127,,
-2120,,
-2135,,
-2143,,
-2137,,
-2121,,
-2124,,
-2088,,
-2068,,
-2110,,
-2144,,
-2096,,
-2076,,
-2068,,
-2031,,
-2048,,
-2044,,
-2054,,
-2078,,
-2076,,
-2057,,
-2054,,
-2043,,
-2052,,
-2058,,
-2069,,
-2074,,
-2046,,
-2016,,
-2032,,
-2021,,
-2020,,
-2038,,
-2068,,
-2087,,
-2067,,
-2046,,
-2010,,
-2019,,
-2001,,
-2023,,
-2027,,
-1971,,
-1983,,
-1964,,
-1968,,
-1992,,
-2003,,
-1967,,
-1941,,
-1949,,
-1923,,
-1908,,
-1914,,
-1924,,
-1918,,
-1996,,
-2031,,
-2084,,
-2096,,
-2074,,
-2137,,
-2165,,
-2171,,
-2273,,
-2241,,
-2224,,
-2254,,
-2232,,
-2200,,
-2227,,
-2217,,
-2205,,
-2205,,
-2190,,
-2192,,
-2160,,
-2141,,
-2122,,
-2114,,
-2100,,
-2067,,
-2049,,
-2050,,
-2025,,
-2043,,
-1999,,
-2023,,
-2005,,
-2020,,
-2020,,
-1983,,
-1955,,
-1917,,
-1901,,
-1935,,
-1897,,
-1900,,
-1974,,
-1952,,
-1934,,
-1897,,
-1887,,
-1889,,
-1890,,
-1913,,
-1881,,
-1878,,
-1860,,
-1837,,
-1835,,
-1824,,
-1814,,
-1785,,
-1701,,
-1740,,
-1788,,
-1746,,
-1769,,
-1786,,
-1783,,
-1769,,
-1774,,
-1792,,
-1818,,
-1829,,
-1866,,
-1900,,
-1910,,
-1877,,
-1875,,
-1908,,
-1931,,
-1890,,
-1921,,
-1949,,
-1989,,
-1994,,
-2028,,
-2015,,
-2041,,
-2080,,
-2090,,
-2111,,
-2104,,
-2071,,
-2103,,
-2114,,
-2072,,
-2130,,
-2164,,
-2200,,
-2190,,
-2203,,
-2176,,
-2171,,
-2118,,
-2111,,
-2096,,
-2073,,
-2092,,
-2088,,
-2127,,
-2148,,
-2156,,
-2158,,
-2165,,
-2148,,
-2143,,
-2149,,
-2114,,
-2137,,
-2147,,
-2117,,
-2119,,
-2154,,
-2131,,
-2109,,
-2111,,
-2104,,
-2082,,
-2069,,
-2075,,
-2099,,
-2120,,
-2099,,
-2074,,
-2084,,
-2023,,
-2097,,
-2043,,
-1992,,
-2023,,
-2021,,
-1980,,
-1994,,
-2007,,
-1985,,
-1986,,
-1960,,
-1901,,
-1905,,
-1929,,
-1873,,
-1903,,
-1912,,
-1880,,
-1872,,
-1901,,
-1917,,
-1955,,
-1937,,
-1894,,
-1959,,
-1958,,
-1934,,
-1926,,
-1976,,
-1977,,
-1966,,
-1984,,
-1985,,
-2028,,
-2031,,
-1986,,
-1992,,
-1993,,
-2013,,
-2024,,
-2060,,
-2090,,
-2125,,
-2103,,
-2114,,
-2113,,
-2122,,
-2130,,
-2115,,
-2153,,
-2081,,
-2107,,
-2181,,
-2156,,
-2161,,
-2162,,
-2165,,
-2157,,
-2143,,
-2090,,
-2072,,
-2110,,
-2094,,
-2061,,
-2133,,
-2110,,
-2100,,
-2160,,
-2148,,
-2117,,
-2088,,
-2020,,
-2008,,
-1978,,
-1866,,
-1839,,
-1918,,
-1905,,
-1891,,
-1934,,
-1946,,
-1922,,
-1901,,
-1810,,
-1819,,
-1942,,
-1934,,
-1932,,
-1982,,
-1978,,
-1941,,
-1981,,
-1973,,
-1907,,
-1947,,
-1955,,
-1963,,
-2007,,
-1939,,
-2003,,
-1956,,
-1962,,
-1894,,
-1911,,
-1886,,
-1933,,
-1877,,
-1889,,
-1902,,
-1930,,
-1908,,
-2299,,
-2600,,
-2744,,
-2732,,
-2712,,
-2638,,
-2661,,
-2823,,
-2908,,
-2967,,
-3034,,
-3056,,
-3087,,
-3121,,
-3172,,
-3124,,
-3170,,
-3120,,
-3119,,
-3222,,
-3247,,
-3273,,
-3267,,
-3232,,
-3160,,
-3068,,
-3069,,
-3034,,
-3047,,
-2998,,
-2973,,
-2919,,
-2954,,
-2927,,
-2899,,
-2876,,
-2840,,
-2918,,
-2806,,
-2853,,
-2823,,
-2823,,
-2817,,
-2860,,
-2848,,
-2894,,
-2941,,
-2987,,
-3002,,
-3063,,
-2646,,
-2349,,
-2271,,
-2249,,
-2335,,
-2440,,
-2438,,
-2295,,
-2209,,
-2124,,
-2043,,
-2081,,
-2063,,
-2035,,
-1963,,
-1930,,
-1863,,
-1868,,
-1854,,
-1744,,
-1770,,
-1720,,
-1712,,
-1736,,
-1663,,
-1672,,
-1597,,
-1561,,
-1588,,
-1699,,
-1676,,
-1720,,
-1850,,
-1846,,
-1856,,
-1825,,
-1809,,
-1814,,
-1741,,
-1701,,
-1631,,
-1774,,
-1775,,
-1689,,
-1778,,
-1838,,
-1881,,
-1812,,
-1832,,
-1828,,
-1871,,
-1806,,
-1795,,
-1722,,
-1705,,
-1706,,
-1680,,
-1697,,
-1695,,
-1750,,
-1793,,
-1729,,
-1711,,
-1741,,
-1804,,
-1826,,
-1812,,
-1825,,
-1767,,
-1785,,
-1767,,
-1787,,
-1854,,
-1832,,
-1857,,
-1903,,
-1975,,
-1995,,
-1954,,
-1927,,
-1939,,
-1914,,
-1824,,
-1826,,
-1782,,
-1857,,
-1916,,
-1901,,
-2038,,
-2057,,
-2154,,
-2164,,
-2142,,
-2198,,
-2010,,
-1978,,
-1905,,
-1897,,
-1902,,
-1897,,
-1847,,
-1907,,
-1934,,
-1955,,
-1941,,
-1854,,
-1850,,
-1857,,
-1808,,
-1793,,
-1752,,
-1712,,
-1724,,
-1776,,
-1786,,
-1817,,
-1881,,
-1925,,
-1981,,
-1982,,
-1963,,
-2002,,
-1987,,
-2012,,
-2070,,
-2074,,
-2071,,
-2071,,
-2063,,
-2024,,
-2046,,
-2023,,
-1995,,
-1956,,
-2004,,
-2019,,
-1952,,
-1959,,
-1926,,
-1967,,
-1967,,
-1840,,
-1840,,
-1857,,
-1948,,
-1939,,
-1919,,
-1952,,
-1924,,
-1899,,
-1894,,
-1922,,
-1869,,
-1904,,
-1854,,
-1879,,
-1881,,
-1862,,
-1890,,
-1912,,
-1935,,
-2019,,
-2022,,
-1961,,
-1942,,
-1896,,
-1881,,
-1842,,
-1827,,
-1847,,
-1853,,
-1843,,
-1862,,
-1869,,
-1860,,
-1855,,
-1845,,
-1852,,
-1856,,
-1890,,
-1901,,
-1937,,
-1965,,
-1973,,
-1963,,
-1933,,
-1950,,
-1933,,
-1935,,
-1905,,
-1915,,
-1909,,
-1902,,
-1897,,
-1944,,
-1929,,
-1926,,
-1955,,
-1956,,
-1917,,
-1889,,
-1893,,
-1855,,
-1841,,
-1834,,
-1887,,
-1897,,
-1911,,
-1997,,
-1940,,
-1913,,
-1885,,
-1962,,
-2005,,
-1972,,
-2004,,
-1986,,
-1985,,
-1980,,
-2015,,
-2014,,
-1975,,
-1965,,
-1976,,
-1977,,
-1992,,
-2023,,
-2008,,
-1989,,
-1963,,
-1978,,
-1979,,
-1975,,
-1990,,
-1998,,
-1953,,
-1932,,
-1904,,
-1913,,
-1919,,
-1896,,
-1872,,
-1848,,
-1849,,
-1805,,
-1812,,
-1803,,
-1803,,
-1789,,
-1870,,
-1915,,
-1908,,
-1949,,
-1997,,
-2070,,
-2044,,
-2046,,
-2031,,
-1967,,
-2026,,
-2043,,
-2063,,
-1997,,
-1964,,
-1984,,
-1946,,
-1928,,
-1944,,
-1898,,
-1824,,
-1826,,
-1879,,
-1878,,
-1862,,
-1836,,
-1826,,
-1832,,
-1838,,
-1852,,
-1847,,
-1816,,
-1802,,
-1798,,
-1799,,
-1779,,
-1778,,
-1821,,
-1844,,
-1886,,
-1880,,
-1871,,
-1924,,
-1971,,
-1982,,
-1987,,
-1994,,
-1992,,
-1993,,
-1987,,
-1973,,
-1984,,
-1964,,
-1981,,
-1944,,
-1928,,
-1928,,
-1921,,
-1921,,
-1922,,
-1905,,
-1931,,
-1900,,
-1904,,
-1934,,
-1944,,
-1951,,
-1959,,
-1963,,
-1986,,
-2006,,
-2022,,
-1973,,
-1975,,
-1982,,
-2071,,
-2043,,
-1998,,
-1994,,
-1990,,
-1997,,
-2004,,
-2006,,
-2028,,
-2014,,
-2005,,
-2010,,
-1990,,
-1946,,
-1914,,
-1965,,
-1991,,
-1977,,
-1954,,
-1952,,
-1950,,
-1938,,
-1942,,
-1910,,
-1921,,
-1896,,
-1899,,
-1936,,
-1934,,
-1964,,
-1921,,
-1881,,
-1883,,
-1861,,
-1857,,
-1872,,
-1845,,
-1871,,
-1896,,
-1876,,
-1887,,
-1888,,
-1929,,
-1943,,
-1950,,
-1948,,
-1926,,
-1955,,
-1950,,
-1942,,
-1861,,
-1900,,
-1909,,
-1909,,
-1938,,
-1959,,
-1944,,
-1959,,
-1948,,
-1974,,
-1983,,
-1997,,
-1995,,
-2042,,
-2035,,
-1984,,
-1967,,
-1974,,
-1996,,
-1979,,
-1994,,
-1955,,
-1930,,
-1910,,
-1927,,
-1923,,
-1911,,
-1898,,
-1891,,
-1864,,
-1879,,
-1966,,
-1986,,
-2069,,
-2021,,
-2011,,
-2096,,
-2105,,
-2062,,
-2045,,
-2000,,
-2054,,
-1984,,
-1956,,
-1979,,
-1998,,
-1979,,
-1960,,
-1947,,
-1942,,
-1941,,
-1920,,
-1934,,
-1957,,
-1932,,
-1926,,
-1901,,
-1888,,
-1881,,
-1877,,
-1866,,
-1860,,
-1851,,
-1857,,
-1859,,
-1896,,
-1901,,
-1900,,
-1900,,
-1925,,
-1931,,
-1981,,
-2004,,
-2037,,
-2040,,
-2052,,
-2048,,
-2057,,
-2055,,
-2059,,
-2076,,
-2018,,
-1996,,
-1953,,
-1944,,
-1933,,
-1853,,
-1810,,
-1852,,
-1880,,
-1902,,
-1864,,
-1897,,
-1907,,
-1884,,
-1853,,
-1881,,
-1923,,
-1947,,
-1983,,
-2002,,
-2031,,
-2049,,
-1992,,
-2005,,
-2005,,
-2025,,
-2045,,
-2059,,
-2048,,
-2045,,
-2037,,
-2050,,
-2048,,
-2024,,
-1996,,
-2015,,
-2017,,
-2024,,
-2013,,
-2005,,
-1984,,
-1962,,
-1944,,
-1942,,
-1935,,
-1946,,
-1923,,
-1905,,
-1907,,
-1906,,
-1912,,
-1907,,
-1893,,
-1957,,
-1980,,
-2002,,
-2034,,
-2015,,
-1994,,
-2012,,
-2007,,
-2057,,
-2048,,
-2047,,
-2087,,
-2079,,
-2040,,
-2042,,
-2006,,
-1988,,
-1964,,
-1931,,
-1968,,
-1956,,
-1968,,
-2002,,
-2006,,
-1984,,
-2000,,
-2030,,
-2053,,
-2068,,
-2089,,
-2097,,
-2105,,
-2087,,
-2081,,
-2067,,
-2073,,
-2153,,
-2223,,
-2234,,
-2202,,
-2338,,
-2236,,
-2162,,
-2211,,
-2206,,
-2117,,
-2064,,
-2090,,
-2001,,
-2049,,
-2004,,
-1943,,
-1947,,
-1935,,
-1931,,
-2003,,
-1972,,
-1946,,
-1915,,
-1902,,
-1910,,
-1910,,
-1925,,
-1931,,
-1913,,
-1895,,
-1908,,
-1933,,
-1966,,
-1957,,
-1959,,
-1979,,
-1944,,
-1929,,
-1921,,
-1909,,
-1895,,
-1885,,
-1876,,
-1867,,
-1864,,
-1861,,
-1860,,
-1839,,
-1837,,
-1801,,
-1698,,
-1650,,
-1651,,
-1684,,
-1558,,
-1661,,
-1724,,
-1694,,
-1714,,
-1790,,
-1863,,
-1840,,
-1933,,
-1871,,
-1904,,
-1954,,
-1938,,
-1941,,
-1885,,
-1841,,
-1862,,
-1893,,
-1903,,
-1916,,
-1914,,
-1892,,
-1883,,
-1894,,
-1912,,
-1907,,
-1902,,
-1872,,
-1859,,
-1885,,
-1869,,
-1850,,
-1872,,
-1877,,
-1873,,
-1882,,
-1882,,
-1868,,
-1881,,
-1875,,
-1892,,
-1911,,
-1917,,
-1932,,
-1930,,
-1959,,
-1971,,
-1955,,
-1948,,
-1901,,
-1896,,
-1886,,
-1876,,
-1871,,
-1857,,
-1865,,
-1820,,
-1786,,
-1767,,
-1772,,
-1784,,
-1779,,
-1774,,
-1756,,
-1820,,
-1816,,
-1816,,
-1811,,
-1803,,
-1796,,
-1793,,
-1780,,
-1766,,
-1761,,
-1769,,
-1789,,
-1795,,
-1814,,
-1833,,
-1810,,
-1828,,
-1830,,
-1802,,
-1814,,
-1848,,
-1829,,
-1846,,
-1898,,
-1842,,
-1873,,
-1919,,
-1964,,
-2087,,
-2102,,
-2167,,
-2262,,
-2276,,
-2284,,
-2240,,
-2374,,
-2437,,
-2405,,
-2395,,
-2426,,
-2524,,
-2483,,
-2488,,
-2481,,
-2544,,
-2543,,
-2545,,
-2515,,
-2485,,
-2462,,
-2467,,
-2482,,
-2465,,
-2442,,
-2430,,
-2473,,
-2475,,
-2485,,
-2502,,
-2506,,
-2487,,
-2495,,
-2493,,
-2486,,
-2450,,
-2456,,
-2444,,
-2417,,
-2435,,
-2438,,
-2415,,
-2419,,
-2395,,
-2364,,
-2411,,
-2391,,
-2363,,
-2298,,
-2187,,
-2181,,
-2139,,
-2037,,
-2017,,
-1999,,
-2059,,
-1975,,
-1910,,
-1988,,
-2033,,
-2013,,
-1942,,
-1983,,
-2011,,
-2042,,
-2014,,
-2037,,
-2026,,
-2086,,
-2123,,
-2187,,
-2207,,
-2149,,
-2188,,
-2225,,
-2230,,
-2224,,
-2222,,
-2202,,
-2196,,
-2168,,
-2182,,
-2188,,
-2177,,
-2172,,
-2192,,
-2194,,
-2232,,
-2278,,
-2296,,
-2293,,
-2329,,
-2347,,
-2372,,
-2364,,
-2395,,
-2411,,
-2409,,
-2394,,
-2397,,
-2411,,
-2407,,
-2404,,
-2419,,
-2428,,
-2431,,
-2456,,
-2436,,
-2413,,
-2405,,
-2388,,
-2381,,
-2375,,
-2372,,
-2376,,
-2358,,
-2323,,
-2323,,
-2322,,
-2328,,
-2326,,
-2295,,
-2326,,
-2303,,
-2272,,
-2272,,
-2252,,
-2242,,
-2266,,
-2263,,
-2274,,
-2284,,
-2277,,
-2280,,
-2277,,
-2230,,
-2112,,
-2102,,
-2132,,
-2083,,
-2053,,
-1954,,
-1902,,
-1954,,
-1960,,
-1927,,
-1907,,
-1850,,
-1854,,
-1863,,
-1838,,
-1794,,
-1848,,
-1858,,
-1845,,
-1853,,
-1841,,
-1863,,
-1833,,
-1823,,
-1825,,
-1843,,
-1892,,
-1876,,
-1894,,
-1905,,
-1907,,
-1946,,
-1916,,
-1900,,
-1889,,
-1885,,
-1877,,
-1874,,
-1886,,
-1900,,
-1893,,
-1909,,
-1919,,
-1918,,
-1913,,
-1894,,
-1882,,
-1889,,
-1882,,
-1924,,
-2040,,
-2021,,
-1952,,
-1991,,
-2002,,
-2081,,
-2145,,
-2081,,
-2084,,
-2086,,
-2101,,
-2143,,
-2165,,
-2144,,
-2155,,
-2190,,
-2154,,
-2135,,
-2128,,
-2115,,
-2113,,
-2110,,
-2162,,
-2166,,
-2160,,
-2144,,
-2104,,
-2105,,
-2062,,
-2044,,
-2059,,
-2025,,
-2027,,
-2036,,
-2011,,
-2008,,
-2025,,
-2026,,
-2031,,
-2047,,
-2054,,
-2040,,
-2011,,
-2016,,
-2014,,
-2059,,
-2063,,
-2082,,
-2098,,
-2090,,
-2121,,
-2114,,
-2136,,
-2125,,
-2090,,
-2107,,
-2114,,
-2114,,
-2111,,
-2090,,
-2037,,
-2033,,
-2033,,
-2014,,
-2021,,
-2021,,
-2025,,
-2046,,
-2067,,
-2065,,
-2063,,
-2078,,
-2051,,
-2079,,
-2102,,
-2087,,
-2109,,
-2120,,
-2153,,
-2164,,
-2148,,
-2161,,
-2155,,
-2170,,
-2183,,
-2208,,
-2191,,
-2197,,
-2189,,
-2164,,
-2175,,
-2176,,
-2189,,
-2184,,
-2192,,
-2153,,
-2140,,
-2110,,
-2121,,
-2210,,
-2155,,
-2188,,
-2217,,
-2212,,
-2256,,
-2225,,
-2197,,
-2179,,
-2187,,
-2185,,
-2160,,
-2139,,
-2146,,
-2127,,
-2131,,
-2136,,
-2090,,
-2058,,
-2024,,
-2074,,
-2072,,
-2074,,
-2121,,
-2107,,
-2054,,
-2044,,
-1956,,
-1936,,
-1979,,
-1979,,
-2002,,
-1995,,
-2047,,
-2134,,
-2090,,
-1975,,
-1999,,
-2075,,
-2105,,
-2105,,
-2162,,
-2224,,
-2328,,
-2197,,
-2169,,
-2200,,
-2180,,
-2137,,
-2157,,
-2167,,
-2094,,
-2006,,
-1887,,
-1890,,
-1896,,
-1907,,
-1873,,
-1868,,
-1879,,
-1909,,
-1958,,
-1974,,
-1951,,
-2013,,
-2088,,
-2054,,
-2019,,
-2137,,
-2145,,
-2126,,
-2076,,
-2097,,
-2037,,
-2034,,
-2056,,
-2096,,
-2131,,
-2143,,
-2063,,
-2080,,
-2077,,
-2019,,
-1984,,
-1859,,
-1840,,
-1965,,
-1899,,
-1903,,
-1847,,
-1673,,
-1633,,
-1600,,
-1555,,
-1747,,
-1770,,
-1765,,
-1784,,
-1824,,
-1790,,
-1724,,
-1792,,
-1884,,
-1954,,
-1957,,
-1960,,
-1974,,
-2008,,
-2072,,
-2074,,
-2061,,
-2071,,
-2063,,
-2086,,
-2085,,
-2021,,
-2064,,
-2126,,
-2021,,
-2114,,
-2066,,
-2123,,
-2087,,
-2101,,
-2079,,
-2074,,
-2034,,
-2088,,
-2090,,
-2099,,
-2139,,
-2126,,
-2150,,
-2156,,
-2155,,
-2234,,
-2219,,
-2314,,
-2238,,
-2306,,
-2480,,
-2512,,
-2484,,
-2417,,
-2366,,
-2347,,
-2311,,
-2301,,
-2272,,
-2288,,
-2243,,
-2269,,
-2286,,
-2301,,
-2299,,
-2271,,
-2243,,
-2257,,
-2218,,
-2185,,
-2158,,
-2157,,
-2173,,
-2162,,
-2141,,
-2093,,
-2087,,
-2099,,
-2109,,
-2089,,
-2112,,
-2114,,
-2109,,
-2065,,
-2059,,
-2075,,
-2064,,
-2069,,
-2118,,
-2147,,
-2099,,
-2067,,
-2100,,
-2077,,
-2100,,
-2095,,
-2098,,
-2052,,
-2036,,
-2040,,
-2026,,
-1982,,
-1997,,
-2020,,
-2020,,
-2046,,
-2054,,
-2074,,
-2113,,
-2091,,
-2123,,
-2138,,
-2097,,
-2096,,
-2105,,
-2128,,
-2136,,
-2101,,
-2088,,
-2112,,
-2125,,
-2110,,
-2105,,
-2105,,
-2079,,
-2100,,
-2095,,
-2068,,
-2069,,
-2030,,
-2032,,
-2020,,
-2062,,
-2034,,
-1960,,
-2026,,
-2056,,
-1984,,
-1946,,
-1917,,
-1890,,
-1900,,
-1888,,
-1899,,
-1922,,
-1946,,
-1917,,
-1942,,
-1929,,
-1919,,
-1927,,
-1862,,
-1839,,
-1827,,
-1805,,
-1807,,
-1798,,
-1782,,
-1789,,
-1776,,
-1775,,
-1793,,
-1767,,
-1771,,
-1766,,
-1752,,
-1756,,
-1779,,
-1764,,
-1731,,
-1739,,
-1707,,
-1680,,
-1698,,
-1726,,
-1760,,
-1720,,
-1713,,
-1684,,
-1702,,
-1660,,
-1643,,
-1617,,
-1699,,
-1761,,
-1681,,
-1646,,
-1654,,
-1585,,
-1608,,
-1630,,
-1669,,
-1683,,
-1739,,
-1711,,
-1688,,
-1724,,
-1690,,
-1709,,
-1710,,
-1761,,
-1782,,
-1833,,
-1823,,
-1817,,
-1789,,
-1763,,
-1757,,
-1744,,
-1788,,
-1745,,
-1710,,
-1734,,
-1697,,
-1650,,
-1608,,
-1593,,
-1659,,
-1617,,
-1684,,
-1618,,
-1666,,
-1657,,
-1615,,
-1626,,
-1654,,
-1634,,
-1654,,
-1636,,
-1663,,
-1741,,
-1713,,
-1685,,
-1720,,
-1721,,
-1649,,
-1643,,
-1652,,
-1723,,
-1709,,
-1662,,
-1657,,
-1668,,
-1639,,
-1681,,
-1702,,
-1694,,
-1656,,
-1672,,
-1636,,
-1554,,
-1645,,
-1590,,
-1591,,
-1645,,
-1640,,
-1699,,
-1730,,
-1708,,
-1658,,
-1719,,
-1744,,
-1723,,
-1767,,
-1801,,
-1834,,
-1875,,
-1785,,
-1810,,
-1779,,
-1829,,
-1845,,
-1926,,
-1924,,
-1857,,
-1817,,
-1851,,
-1881,,
-1936,,
-1904,,
-1861,,
-1885,,
-1866,,
-1823,,
-1883,,
-1947,,
-1971,,
-2002,,
-1994,,
-2011,,
-2034,,
-2020,,
-2005,,
-1977,,
-1943,,
-1910,,
-1887,,
-1948,,
-1940,,
-1938,,
-1990,,
-1967,,
-1970,,
-2005,,
-1990,,
-2018,,
-1979,,
-1997,,
-2021,,
-2053,,
-2010,,
-1985,,
-2023,,
-2011,,
-2028,,
-2058,,
-2016,,
-2059,,
-2099,,
-2088,,
-2094,,
-2059,,
-1993,,
-2012,,
-2053,,
-2037,,
-2046,,
-2030,,
-2043,,
-2031,,
-2021,,
-2060,,
-2087,,
-2072,,
-2046,,
-2057,,
-2058,,
-2082,,
-2084,,
-2082,,
-2138,,
-2141,,
-2143,,
-2174,,
-2163,,
-2170,,
-2217,,
-2197,,
-2205,,
-2206,,
-2190,,
-2185,,
-2200,,
-2176,,
-2178,,
-2180,,
-2197,,
-2154,,
-2178,,
-2137,,
-2196,,
-2226,,
-2251,,
-2260,,
-2254,,
-2259,,
-2222,,
-2156,,
-2160,,
-2158,,
-2154,,
-2145,,
-2189,,
-2196,,
-2202,,
-2186,,
-2174,,
-2174,,
-2127,,
-2169,,
-2091,,
-2042,,
-2075,,
-2081,,
-2101,,
-2122,,
-2140,,
-2087,,
-2082,,
-2100,,
-2060,,
-2047,,
-2036,,
-2013,,
-2014,,
-2044,,
-2025,,
-2013,,
-2011,,
-2004,,
-2009,,
-1977,,
-1972,,
-1937,,
-1958,,
-1960,,
-1981,,
-2010,,
-2039,,
-2036,,
-1950,,
-1976,,
-2013,,
-2008,,
-2104,,
-2117,,
-2200,,
-2224,,
-2213,,
-2237,,
-2199,,
-2218,,
-2230,,
-2193,,
-2184,,
-2220,,
-2233,,
-2206,,
-2202,,
-2168,,
-2254,,
-2260,,
-2226,,
-2233,,
-2207,,
-2186,,
-2200,,
-2199,,
-2224,,
-2214,,
-2222,,
-2250,,
-2255,,
-2242,,
-2275,,
-2237,,
-2228,,
-2230,,
-2203,,
-2208,,
-2184,,
-2184,,
-2172,,
-2209,,
-2159,,
-2169,,
-2154,,
-2156,,
-2116,,
-2143,,
-2187,,
-2152,,
-2102,,
-2093,,
-2001,,
-1974,,
-1947,,
-1942,,
-1936,,
-1912,,
-1959,,
-1953,,
-1893,,
-1934,,
-1963,,
-1901,,
-1872,,
-1915,,
-1887,,
-1881,,
-1874,,
-1902,,
-1952,,
-1919,,
-1938,,
-1951,,
-1914,,
-1922,,
-1903,,
-1882,,
-1872,,
-1874,,
-1875,,
-1878,,
-1848,,
-1833,,
-1822,,
-1834,,
-1827,,
-1843,,
-1868,,
-1860,,
-1873,,
-1872,,
-1877,,
-1886,,
-1868,,
-1873,,
-1871,,
-1890,,
-1887,,
-1872,,
-1849,,
-1846,,
-1862,,
-1847,,
-1836,,
-1869,,
-1892,,
-1870,,
-1877,,
-1894,,
-1912,,
-1902,,
-1890,,
-1930,,
-2002,,
-1969,,
-2010,,
-2024,,
-2027,,
-1999,,
-1940,,
-1969,,
-1941,,
-1940,,
-1969,,
-1982,,
-2000,,
-2002,,
-2011,,
-1999,,
-2004,,
-2017,,
-2024,,
-2052,,
-2057,,
-2054,,
-2082,,
-2061,,
-2059,,
-2074,,
-2080,,
-2078,,
-2088,,
-2068,,
-2090,,
-2079,,
-2060,,
-2031,,
-2038,,
-2037,,
-2033,,
-2035,,
-2013,,
-2041,,
-2022,,
-2015,,
-2000,,
-2009,,
-2001,,
-2001,,
-2010,,
-2010,,
-2000,,
-2007,,
-1960,,
-1978,,
-1980,,
-1972,,
-1982,,
-2007,,
-2011,,
-2020,,
-2033,,
-2020,,
-2015,,
-2003,,
-1979,,
-2008,,
-2004,,
-1993,,
-2007,,
-1993,,
-2011,,
-2022,,
-2012,,
-2033,,
-2035,,
-2046,,
-2019,,
-2021,,
-2008,,
-2030,,
-2046,,
-2040,,
-2034,,
-2040,,
-2033,,
-2031,,
-1967,,
-2013,,
-1949,,
-2013,,
-2024,,
-1994,,
-2075,,
-2038,,
-2023,,
-2060,,
-2104,,
-2085,,
-2092,,
-2080,,
-2062,,
-2050,,
-2086,,
-2240,,
-2226,,
-2154,,
-2176,,
-2397,,
-2495,,
-2448,,
-2527,,
-2485,,
-2401,,
-2485,,
-2455,,
-2396,,
-2306,,
-2402,,
-2342,,
-2369,,
-2377,,
-2278,,
-2246,,
-2245,,
-2205,,
-2247,,
-2279,,
-2288,,
-2244,,
-2240,,
-2280,,
-2279,,
-2264,,
-2285,,
-2285,,
-2196,,
-2265,,
-2242,,
-2292,,
-2208,,
-2178,,
-2174,,
-2105,,
-2156,,
-2168,,
-2125,,
-2109,,
-2106,,
-2117,,
-2123,,
-2149,,
-2129,,
-2109,,
-1944,,
-1973,,
-2085,,
-2017,,
-1797,,
-1712,,
-1752,,
-1652,,
-1750,,
-1861,,
-1726,,
-1748,,
-1782,,
-1876,,
-1839,,
-1877,,
-1840,,
-1797,,
-1853,,
-1936,,
-1906,,
-1933,,
-1919,,
-1945,,
-1861,,
-1911,,
-1955,,
-1885,,
-1907,,
-1933,,
-1900,,
-1906,,
-2016,,
-2037,,
-2024,,
-2050,,
-2101,,
-2124,,
-2136,,
-2133,,
-2108,,
-2112,,
-2142,,
-2145,,
-2178,,
-2179,,
-2201,,
-2201,,
-2211,,
-2195,,
-2194,,
-2162,,
-2086,,
-2102,,
-2085,,
-2109,,
-2114,,
-2141,,
-2104,,
-2056,,
-2126,,
-2158,,
-2158,,
-2140,,
-2100,,
-2065,,
-2078,,
-2137,,
-2183,,
-2154,,
-2161,,
-2141,,
-2132,,
-2105,,
-2181,,
-2185,,
-2121,,
-2135,,
-2123,,
-2079,,
-2057,,
-2077,,
-2082,,
-2041,,
-2006,,
-1982,,
-1963,,
-1960,,
-1978,,
-1972,,
-1995,,
-1994,,
-1967,,
-1951,,
-1945,,
-1921,,
-1898,,
-1879,,
-1856,,
-1858,,
-1867,,
-1867,,
-1918,,
-1953,,
-1967,,
-1941,,
-1941,,
-1938,,
-1946,,
-1950,,
-1949,,
-1928,,
-1925,,
-1908,,
-1893,,
-1935,,
-1933,,
-1884,,
-1836,,
-1829,,
-1830,,
-1850,,
-1878,,
-1849,,
-1828,,
-1841,,
-1843,,
-1864,,
-1857,,
-1878,,
-1912,,
-1916,,
-1899,,
-1914,,
-1933,,
-1941,,
-1929,,
-1925,,
-1923,,
-1945,,
-1929,,
-1958,,
-1978,,
-1962,,
-1930,,
-1933,,
-1934,,
-1950,,
-1993,,
-1998,,
-1983,,
-1989,,
-1943,,
-1937,,
-1932,,
-1941,,
-1915,,
-1917,,
-1907,,
-1907,,
-1902,,
-1920,,
-1947,,
-1985,,
-1983,,
-1981,,
-1984,,
-1990,,
-2021,,
-2003,,
-2015,,
-2012,,
-1973,,
-1990,,
-2017,,
-2011,,
-2016,,
-1993,,
-1996,,
-1999,,
-1987,,
-1974,,
-1965,,
-1949,,
-1956,,
-1984,,
-1973,,
-1995,,
-1959,,
-1931,,
-1918,,
-1905,,
-1906,,
-1940,,
-1965,,
-1950,,
-1965,,
-1948,,
-1941,,
-1954,,
-1982,,
-2003,,
-2013,,
-2008,,
-2004,,
-1987,,
-2008,,
-1981,,
-1966,,
-1975,,
-1975,,
-1954,,
-1943,,
-1940,,
-1939,,
-1951,,
-1928,,
-1922,,
-1923,,
-1945,,
-1945,,
-1918,,
-1903,,
-1942,,
-1936,,
-1916,,
-1913,,
-1906,,
-1894,,
-1900,,
-1891,,
-1921,,
-1949,,
-1959,,
-1958,,
-1950,,
-1960,,
-1937,,
-1966,,
-2008,,
-2035,,
-2017,,
-2024,,
-2015,,
-2010,,
-2040,,
-2027,,
-2028,,
-2015,,
-2022,,
-2002,,
-1970,,
-1979,,
-1994,,
-1987,,
-1969,,
-1964,,
-1984,,
-1999,,
-1995,,
-1972,,
-1983,,
-2029,,
-2053,,
-2042,,
-2026,,
-2025,,
-2036,,
-2048,,
-2054,,
-2024,,
-2046,,
-2039,,
-1997,,
-1980,,
-1993,,
-1988,,
-1979,,
-2011,,
-2018,,
-2031,,
-2000,,
-1983,,
-1982,,
-2011,,
-2015,,
-2024,,
-1993,,
-2003,,
-1951,,
-1929,,
-1912,,
-1899,,
-1908,,
-1890,,
-1840,,
-1850,,
-1842,,
-1840,,
-1842,,
-1825,,
-1791,,
-1770,,
-1746,,
-1753,,
-1808,,
-1810,,
-1847,,
-1849,,
-1832,,
-1859,,
-1875,,
-1818,,
-1797,,
-1814,,
-1840,,
-1849,,
-1855,,
-1854,,
-1834,,
-1843,,
-1842,,
-1866,,
-1884,,
-1917,,
-1909,,
-1888,,
-1906,,
-1893,,
-1870,,
-1854,,
-1862,,
-1838,,
-1832,,
-1796,,
-1769,,
-1799,,
-1847,,
-1835,,
-1853,,
-1878,,
-1882,,
-1887,,
-1860,,
-1877,,
-1896,,
-1890,,
-1892,,
-1893,,
-1856,,
-1877,,
-1945,,
-1950,,
-1959,,
-1946,,
-1929,,
-1917,,
-1889,,
-1892,,
-1919,,
-1896,,
-1866,,
-1892,,
-1864,,
-1872,,
-1841,,
-1883,,
-1892,,
-1893,,
-1920,,
-1949,,
-1967,,
-1963,,
-1924,,
-1910,,
-1913,,
-1939,,
-1926,,
-1918,,
-1918,,
-1927,,
-1908,,
-1952,,
-1941,,
-1972,,
-2040,,
-2010,,
-1999,,
-1980,,
-1997,,
-1993,,
-2009,,
-2024,,
-2033,,
-2043,,
-2080,,
-2104,,
-2121,,
-2143,,
-2159,,
-2158,,
-2169,,
-2185,,
-2172,,
-2202,,
-2190,,
-2201,,
-2196,,
-2186,,
-2177,,
-2197,,
-2210,,
-2191,,
-2208,,
-2207,,
-2192,,
-2148,,
-2125,,
-2102,,
-2092,,
-2064,,
-2041,,
-2044,,
-2071,,
-2065,,
-2049,,
-2044,,
-2045,,
-2033,,
-2037,,
-2042,,
-2057,,
-2044,,
-2049,,
-2058,,
-1995,,
-1991,,
-1989,,
-2023,,
-2023,,
-2016,,
-2021,,
-1996,,
-1996,,
-1983,,
-1929,,
-1899,,
-1884,,
-1869,,
-1873,,
-1868,,
-1851,,
-1838,,
-1847,,
-1831,,
-1834,,
-1841,,
-1843,,
-1827,,
-1789,,
-1957,,
-1993,,
-1962,,
-1975,,
-1949,,
-1990,,
-1992,,
-2005,,
-1989,,
-1980,,
-1998,,
-1994,,
-1986,,
-1987,,
-1993,,
-1991,,
-1989,,
-2036,,
-2054,,
-2055,,
-2061,,
-2068,,
-2080,,
-2090,,
-2029,,
-2014,,
-2028,,
-2032,,
-2028,,
-2024,,
-2022,,
-1990,,
-1983,,
-1992,,
-1995,,
-2032,,
-2068,,
-2109,,
-2093,,
-2068,,
-2077,,
-2067,,
-2048,,
-2054,,
-2055,,
-2038,,
-2040,,
-2018,,
-2052,,
-2104,,
-1941,,
-1927,,
-1965,,
-1971,,
-1988,,
-1968,,
-1959,,
-1916,,
-1922,,
-1889,,
-1904,,
-1897,,
-1849,,
-1854,,
-1788,,
-1797,,
-1803,,
-1767,,
-1769,,
-1801,,
-1752,,
-1691,,
-1652,,
-1600,,
-1628,,
-1651,,
-1635,,
-1642,,
-1648,,
-1654,,
-1652,,
-1676,,
-1688,,
-1684,,
-1695,,
-1719,,
-1688,,
-1679,,
-1728,,
-1749,,
-1748,,
-1724,,
-1741,,
-1766,,
-1746,,
-1740,,
-1743,,
-1773,,
-1746,,
-1713,,
-1706,,
-1699,,
-1675,,
-1653,,
-1657,,
-1658,,
-1689,,
-1733,,
-1745,,
-1763,,
-1735,,
-1757,,
-1813,,
-1793,,
-1842,,
-1867,,
-1878,,
-1889,,
-1886,,
-1863,,
-1898,,
-1949,,
-1971,,
-2015,,
-2017,,
-1989,,
-1992,,
-1990,,
-2008,,
-2012,,
-2009,,
-2005,,
-1996,,
-1986,,
-1989,,
-1953,,
-1943,,
-1934,,
-1899,,
-1893,,
-1899,,
-1939,,
-1936,,
-1944,,
-1961,,
-2105,,
-2132,,
-2096,,
-2147,,
-2168,,
-2144,,
-2196,,
-2236,,
-2210,,
-2249,,
-2212,,
-2177,,
-2177,,
-2158,,
-2159,,
-2179,,
-2136,,
-2135,,
-2136,,
-2134,,
-2141,,
-2135,,
-2102,,
-2130,,
-2120,,
-2107,,
-2124,,
-2141,,
-2130,,
-2139,,
-2164,,
-2159,,
-2164,,
-2124,,
-2104,,
-2110,,
-2130,,
-2125,,
-2128,,
-2128,,
-2133,,
-2135,,
-2151,,
-2157,,
-2174,,
-2195,,
-2174,,
-2194,,
-2169,,
-2167,,
-2020,,
-1987,,
-2010,,
-1969,,
-1984,,
-2009,,
-1935,,
-1935,,
-1944,,
-1911,,
-1931,,
-1939,,
-1945,,
-1952,,
-1976,,
-1987,,
-2016,,
-2024,,
-2035,,
-2045,,
-2033,,
-2019,,
-2022,,
-2008,,
-1988,,
-2013,,
-2013,,
-1985,,
-2020,,
-2011,,
-2006,,
-1995,,
-1983,,
-1977,,
-1986,,
-1985,,
-1951,,
-1942,,
-1948,,
-1926,,
-1922,,
-1931,,
-1904,,
-1891,,
-1884,,
-1850,,
-1857,,
-1836,,
-1823,,
-1838,,
-1851,,
-1856,,
-1842,,
-1833,,
-1834,,
-1813,,
-1813,,
-1810,,
-1840,,
-1843,,
-1847,,
-1859,,
-1860,,
-1869,,
-1845,,
-1836,,
-1837,,
-1851,,
-1855,,
-1849,,
-1852,,
-1882,,
-1888,,
-1890,,
-1922,,
-1899,,
-1880,,
-1913,,
-1892,,
-1880,,
-1898,,
-1896,,
-1906,,
-1912,,
-1897,,
-1904,,
-1928,,
-1950,,
-1939,,
-1951,,
-1946,,
-1945,,
-1954,,
-1982,,
-2000,,
-2014,,
-2025,,
-2041,,
-2043,,
-2053,,
-2068,,
-2061,,
-2070,,
-2073,,
-2048,,
-2068,,
-2086,,
-2063,,
-2038,,
-2038,,
-2059,,
-2059,,
-2041,,
-2038,,
-2079,,
-2069,,
-2094,,
-2076,,
-2074,,
-2086,,
-2081,,
-2066,,
-2073,,
-2056,,
-2039,,
-2046,,
-2038,,
-2010,,
-2018,,
-2015,,
-1984,,
-2011,,
-2006,,
-2011,,
-2033,,
-2034,,
-2036,,
-2035,,
-2044,,
-2046,,
-2050,,
-2057,,
-2057,,
-2036,,
-2023,,
-2017,,
-2002,,
-2015,,
-2029,,
-2014,,
-2004,,
-2000,,
-2014,,
-2019,,
-2042,,
-2027,,
-2020,,
-2019,,
-2018,,
-2028,,
-2016,,
-2047,,
-2078,,
-2031,,
-2070,,
-2058,,
-1997,,
-2016,,
-1993,,
-1971,,
-1976,,
-1955,,
-1987,,
-2040,,
-2080,,
-2101,,
-2128,,
-2128,,
-2096,,
-2103,,
-2110,,
-2120,,
-2120,,
-2130,,
-2125,,
-2109,,
-2110,,
-2126,,
-2133,,
-2144,,
-2153,,
-2154,,
-2151,,
-2155,,
-2153,,
-2154,,
-2146,,
-2104,,
-2091,,
-2117,,
-2110,,
-2116,,
-2110,,
-2109,,
-2089,,
-2118,,
-2116,,
-2128,,
-2155,,
-2122,,
-2117,,
-2100,,
-2077,,
-2144,,
-2075,,
-2078,,
-2142,,
-2108,,
-2136,,
-2153,,
-2127,,
-2147,,
-2126,,
-2079,,
-2032,,
-2023,,
-2003,,
-1995,,
-2019,,
-2011,,
-2019,,
-2047,,
-2034,,
-2045,,
-2056,,
-2046,,
-2054,,
-2041,,
-1994,,
-1987,,
-1995,,
-1943,,
-1944,,
-1943,,
-1934,,
-1938,,
-1943,,
-1974,,
-1978,,
-1967,,
-1991,,
-1997,,
-2006,,
-1988,,
-1998,,
-2017,,
-1998,,
-1999,,
-1965,,
-1975,,
-1996,,
-2008,,
-2022,,
-1975,,
-1989,,
-1998,,
-1978,,
-2003,,
-2006,,
-1993,,
-2025,,
-2004,,
-2019,,
-2019,,
-2026,,
-2017,,
-2036,,
-2024,,
-2023,,
-2030,,
-2014,,
-1968,,
-1960,,
-1932,,
-1923,,
-1924,,
-1893,,
-1876,,
-1915,,
-1938,,
-1957,,
-1896,,
-1895,,
-2010,,
-2002,,
-2001,,
-1927,,
-1982,,
-1955,,
-1947,,
-1952,,
-1792,,
-1645,,
-1775,,
-1783,,
-1692,,
-1627,,
-1612,,
-1685,,
-1702,,
-1655,,
-1631,,
-1617,,
-1621,,
-1633,,
-1626,,
-1569,,
-1571,,
-1528,,
-1539,,
-1603,,
-1660,,
-1638,,
-1637,,
-1661,,
-1660,,
-1611,,
-1651,,
-1632,,
-1664,,
-1704,,
-1708,,
-1726,,
-1758,,
-1734,,
-1736,,
-1760,,
-1765,,
-1756,,
-1733,,
-1692,,
-1809,,
-1825,,
-1737,,
-1771,,
-1771,,
-1848,,
-1819,,
-1843,,
-1823,,
-1812,,
-1973,,
-2123,,
-1999,,
-1979,,
-2054,,
-2142,,
-2166,,
-2097,,
-2086,,
-2109,,
-2107,,
-2101,,
-2127,,
-2085,,
-2090,,
-2132,,
-2138,,
-2163,,
-2175,,
-2099,,
-2078,,
-2086,,
-2074,,
-2069,,
-2092,,
-2112,,
-2096,,
-2108,,
-2102,,
-2051,,
-2031,,
-1973,,
-1949,,
-1983,,
-1987,,
-1935,,
-1913,,
-1957,,
-1940,,
-1948,,
-1938,,
-1912,,
-1918,,
-1889,,
-1901,,
-1924,,
-1890,,
-1904,,
-1911,,
-1916,,
-1917,,
-1902,,
-1901,,
-1931,,
-1931,,
-1892,,
-1883,,
-1920,,
-1904,,
-1931,,
-1954,,
-1966,,
-1975,,
-1987,,
-1973,,
-2024,,
-2002,,
-2010,,
-2003,,
-2000,,
-1972,,
-1976,,
-1960,,
-1966,,
-1919,,
-1913,,
-1927,,
-1953,,
-1935,,
-1957,,
-1972,,
-2017,,
-2037,,
-2031,,
-2045,,
-2077,,
-2096,,
-2060,,
-2046,,
-2036,,
-2043,,
-2104,,
-2049,,
-2074,,
-2041,,
-2040,,
-2061,,
-2057,,
-1983,,
-1971,,
-1998,,
-1999,,
-2032,,
-1947,,
-1942,,
-2000,,
-2031,,
-2015,,
-2131,,
-2009,,
-2034,,
-2054,,
-1990,,
-1989,,
-2039,,
-2002,,
-2008,,
-1992,,
-1975,,
-1995,,
-2016,,
-2007,,
-2036,,
-2024,,
-2047,,
-2080,,
-2064,,
-2051,,
-2051,,
-2080,,
-2079,,
-2087,,
-2077,,
-2090,,
-2091,,
-2105,,
-2123,,
-2134,,
-2148,,
-2157,,
-2155,,
-2095,,
-2123,,
-2116,,
-2130,,
-2101,,
-2101,,
-2109,,
-2188,,
-2193,,
-2168,,
-2163,,
-2131,,
-2189,,
-2191,,
-2176,,
-2142,,
-2145,,
-2060,,
-2152,,
-2100,,
-2067,,
-2134,,
-2143,,
-2114,,
-2115,,
-2098,,
-2137,,
-2141,,
-2115,,
-2126,,
-2121,,
-2105,,
-2106,,
-2109,,
-2094,,
-2095,,
-2101,,
-2107,,
-2096,,
-2115,,
-2135,,
-2115,,
-2071,,
-2078,,
-2083,,
-2050,,
-2030,,
-2034,,
-2034,,
-2034,,
-2068,,
-2068,,
-2048,,
-2011,,
-2023,,
-2012,,
-1997,,
-1987,,
-1990,,
-1986,,
-1988,,
-2015,,
-2026,,
-2004,,
-2012,,
-1997,,
-1996,,
-1995,,
-2001,,
-2007,,
-2011,,
-2002,,
-1987,,
-1988,,
-1989,,
-2000,,
-1975,,
-1973,,
-1969,,
-1958,,
-1953,,
-1950,,
-1954,,
-1965,,
-1964,,
-1971,,
-1971,,
-1964,,
-1959,,
-1936,,
-1916,,
-1930,,
-1968,,
-1960,,
-1951,,
-1974,,
-1932,,
-1915,,
-1926,,
-1926,,
-1890,,
-1882,,
-1906,,
-1941,,
-1957,,
-1948,,
-1955,,
-1985,,
-1976,,
-1977,,
-1989,,
-1979,,
-1970,,
-2015,,
-2097,,
-2124,,
-2091,,
-2122,,
-2139,,
-2136,,
-2109,,
-2132,,
-2282,,
-2319,,
-2328,,
-2256,,
-2310,,
-2366,,
-2379,,
-2335,,
-2337,,
-2264,,
-2191,,
-2193,,
-2192,,
-2362,,
-2360,,
-2349,,
-2383,,
-2399,,
-2367,,
-2401,,
-2445,,
-2444,,
-2437,,
-2445,,
-2469,,
-2480,,
-2466,,
-2453,,
-2469,,
-2480,,
-2469,,
-2481,,
-2429,,
-2439,,
-2447,,
-2443,,
-2433,,
-2407,,
-2395,,
-2395,,
-2396,,
-2367,,
-2273,,
-2249,,
-2277,,
-2250,,
-2228,,
-2233,,
-2255,,
-2219,,
-2083,,
-2046,,
-2051,,
-2124,,
-2085,,
-2046,,
-2038,,
-2074,,
-2075,,
-2176,,
-2248,,
-2246,,
-2261,,
-2109,,
-2122,,
-2141,,
-2104,,
-2091,,
-2133,,
-2101,,
-2046,,
-2061,,
-2052,,
-2054,,
-2081,,
-2088,,
-2096,,
-2099,,
-2094,,
-2097,,
-2110,,
-2066,,
-2107,,
-2085,,
-2083,,
-2061,,
-2077,,
-2088,,
-2113,,
-2088,,
-2093,,
-2112,,
-2079,,
-2110,,
-2120,,
-2071,,
-2097,,
-2102,,
-2107,,
-2155,,
-2155,,
-2118,,
-2133,,
-2126,,
-2113,,
-2094,,
-2094,,
-2121,,
-2114,,
-2076,,
-2081,,
-2067,,
-2048,,
-2049,,
-2027,,
-2016,,
-2016,,
-2013,,
-2010,,
-2010,,
-2000,,
-1998,,
-2016,,
-2000,,
-2014,,
-2032,,
-2028,,
-2038,,
-2033,,
-2008,,
-2005,,
-2033,,
-2030,,
-2070,,
-2052,,
-2053,,
-2056,,
-2059,,
-2053,,
-2080,,
-2076,,
-2026,,
-2107,,
-2041,,
-2003,,
-2082,,
-2062,,
-2051,,
-2082,,
-2039,,
-2031,,
-2080,,
-2048,,
-2074,,
-2094,,
-2168,,
-2165,,
-2133,,
-2195,,
-2180,,
-2183,,
-2170,,
-2234,,
-2238,,
-2212,,
-2153,,
-2150,,
-2141,,
-2135,,
-2130,,
-2193,,
-2125,,
-2136,,
-2194,,
-2154,,
-2158,,
-2193,,
-2172,,
-2249,,
-2235,,
-2228,,
-2241,,
-2184,,
-2220,,
-2257,,
-2165,,
-2141,,
-2167,,
-2126,,
-2173,,
-2129,,
-2163,,
-2094,,
-2123,,
-2142,,
-2102,,
-2080,,
-2093,,
-2056,,
-2066,,
-2055,,
-2018,,
-2024,,
-2022,,
-2012,,
-1968,,
-1994,,
-2006,,
-1952,,
-1999,,
-1983,,
-2007,,
-1954,,
-1930,,
-1976,,
-2023,,
-2022,,
-2045,,
-2020,,
-1981,,
-1956,,
-2016,,
-1991,,
-1943,,
-1980,,
-1947,,
-1926,,
-1937,,
-1846,,
-1893,,
-1891,,
-1872,,
-1940,,
-1862,,
-1840,,
-1960,,
-1975,,
-1999,,
-2003,,
-1962,,
-2005,,
-2001,,
-2029,,
-2027,,
-2038,,
-2054,,
-2022,,
-1999,,
-2053,,
-2049,,
-2098,,
-2117,,
-2130,,
-2089,,
-2062,,
-2069,,
-2080,,
-2062,,
-2043,,
-2003,,
-1992,,
-1990,,
-1975,,
-1993,,
-1991,,
-1998,,
-1991,,
-1953,,
-1971,,
-1990,,
-1962,,
-1943,,
-1956,,
-1940,,
-1915,,
-1938,,
-1946,,
-1948,,
-1950,,
-1934,,
-1946,,
-1944,,
-1959,,
-1989,,
-1969,,
-1974,,
-1965,,
-1905,,
-1940,,
-1897,,
-1909,,
-1941,,
-1906,,
-1919,,
-1962,,
-1960,,
-1998,,
-2014,,
-1965,,
-1959,,
-1940,,
-1963,,
-1941,,
-1965,,
-2011,,
-1987,,
-1986,,
-1989,,
-2026,,
-2060,,
-2080,,
-2087,,
-2098,,
-2080,,
-2057,,
-2058,,
-2063,,
-2085,,
-2077,,
-2078,,
-2093,,
-2139,,
-2133,,
-2160,,
-2192,,
-2180,,
-2159,,
-2136,,
-2169,,
-2181,,
-2176,,
-2189,,
-2161,,
-2144,,
-2189,,
-2175,,
-2171,,
-2192,,
-2194,,
-2226,,
-2204,,
-2154,,
-2086,,
-2093,,
-2064,,
-2045,,
-2046,,
-2059,,
-1989,,
-2009,,
-1983,,
-1942,,
-1875,,
-1828,,
-1838,,
-1832,,
-1765,,
-1753,,
-1683,,
-1652,,
-1647,,
-1657,,
-1679,,
-1673,,
-1674,,
-1695,,
-1708,,
-1712,,
-1725,,
-1740,,
-1724,,
-1697,,
-1710,,
-1698,,
-1659,,
-1665,,
-1659,,
-1685,,
-1688,,
-1697,,
-1668,,
-1660,,
-1661,,
-1662,,
-1615,,
-1582,,
-1598,,
-1582,,
-1553,,
-1539,,
-1553,,
-1565,,
-1671,,
-1663,,
-1641,,
-1639,,
-1660,,
-1648,,
-1725,,
-1699,,
-1708,,
-1723,,
-1791,,
-1834,,
-1800,,
-1785,,
-1807,,
-1816,,
-1875,,
-1897,,
-1892,,
-1870,,
-1857,,
-1886,,
-1901,,
-1879,,
-1879,,
-1893,,
-1900,,
-1893,,
-1891,,
-1887,,
-1890,,
-1892,,
-1914,,
-1913,,
-1903,,
-1894,,
-1886,,
-1866,,
-1887,,
-1915,,
-1928,,
-1930,,
-1955,,
-1973,,
-1971,,
-1988,,
-2002,,
-2003,,
-1970,,
-1978,,
-1966,,
-1961,,
-1963,,
-1977,,
-1987,,
-1985,,
-1981,,
-1990,,
-1995,,
-2002,,
-2004,,
-1991,,
-1992,,
-2006,,
-2027,,
-2045,,
-2029,,
-2044,,
-2068,,
-2063,,
-2053,,
-1996,,
-1939,,
-1960,,
-1951,,
-1981,,
-1957,,
-1929,,
-2021,,
-2030,,
-1986,,
-1922,,
-1978,,
-1873,,
-1920,,
-1939,,
-1907,,
-1889,,
-1927,,
-1894,,
-1940,,
-1975,,
-1951,,
-1944,,
-1934,,
-1958,,
-1975,,
-2020,,
-2065,,
-2028,,
-2023,,
-2061,,
-2072,,
-2039,,
-2024,,
-2005,,
-2004,,
-2012,,
-1997,,
-2003,,
-2017,,
-2042,,
-2069,,
-2069,,
-2065,,
-2078,,
-2083,,
-2054,,
-2050,,
-2052,,
-2054,,
-2075,,
-2129,,
-2110,,
-2098,,
-2052,,
-2076,,
-2102,,
-2033,,
-2024,,
-2042,,
-2124,,
-2060,,
-2169,,
-2120,,
-2105,,
-2104,,
-2114,,
-2072,,
-2082,,
-2009,,
-1977,,
-1983,,
-1999,,
-2018,,
-1979,,
-1953,,
-1934,,
-1933,,
-1967,,
-1966,,
-1945,,
-1949,,
-1988,,
-2008,,
-2025,,
-2025,,
-2026,,
-2045,,
-2055,,
-2064,,
-2053,,
-2016,,
-2034,,
-2034,,
-2013,,
-2016,,
-2023,,
-2003,,
-2006,,
-1966,,
-1981,,
-1979,,
-1983,,
-1989,,
-1986,,
-1989,,
-2018,,
-2001,,
-1998,,
-1994,,
-1976,,
-1982,,
-1989,,
-2021,,
-2014,,
-2066,,
-2064,,
-2055,,
-2055,,
-2087,,
-2088,,
-2121,,
-2126,,
-2099,,
-2062,,
-2088,,
-2088,,
-2118,,
-2045,,
-2246,,
-2178,,
-2092,,
-2083,,
-2047,,
-2062,,
-2072,,
-2051,,
-2040,,
-2063,,
-2043,,
-2069,,
-2164,,
-2123,,
-2105,,
-2117,,
-2108,,
-2144,,
-2204,,
-2200,,
-2218,,
-2189,,
-2163,,
-2138,,
-2160,,
-2167,,
-2167,,
-2146,,
-2151,,
-2148,,
-2181,,
-2198,,
-2176,,
-2174,,
-2171,,
-2173,,
-2160,,
-2180,,
-2196,,
-2209,,
-2174,,
-2163,,
-2144,,
-2127,,
-2130,,
-2183,,
-2146,,
-2117,,
-2069,,
-2143,,
-1930,,
-1992,,
-2073,,
-2056,,
-2065,,
-2040,,
-2031,,
-2040,,
-2045,,
-2009,,
-2007,,
-1981,,
-1891,,
-1918,,
-1925,,
-1898,,
-1900,,
-1880,,
-1820,,
-1815,,
-1838,,
-1866,,
-1872,,
-1882,,
-1866,,
-1860,,
-1845,,
-1864,,
-1850,,
-1856,,
-1829,,
-1794,,
-1808,,
-1780,,
-1770,,
-1795,,
-1766,,
-1753,,
-1751,,
-1732,,
-1748,,
-1750,,
-1730,,
-1732,,
-1748,,
-1741,,
-1768,,
-1787,,
-1789,,
-1795,,
-1803,,
-1798,,
-1788,,
-1805,,
-1828,,
-1829,,
-1814,,
-1854,,
-1800,,
-1873,,
-1904,,
-1896,,
-1923,,
-1939,,
-1943,,
-1969,,
-1991,,
-2006,,
-2012,,
-2025,,
-1992,,
-2031,,
-1975,,
-2049,,
-2020,,
-1968,,
-1984,,
-1912,,
-1814,,
-1867,,
-1953,,
-2045,,
-1995,,
-1967,,
-1995,,
-2004,,
-2059,,
-2090,,
-2081,,
-2080,,
-2103,,
-2110,,
-2154,,
-2155,,
-2134,,
-2126,,
-2137,,
-2198,,
-2229,,
-2210,,
-2193,,
-2195,,
-2159,,
-2117,,
-2115,,
-2116,,
-2149,,
-2125,,
-2191,,
-2103,,
-2097,,
-2120,,
-2102,,
-2085,,
-2075,,
-2045,,
-2032,,
-2026,,
-2027,,
-2022,,
-2041,,
-2006,,
-2069,,
-2004,,
-2003,,
-2051,,
-2028,,
-2089,,
-2185,,
-2130,,
-2061,,
-1966,,
-2026,,
-2049,,
-2010,,
-2003,,
-1964,,
-1896,,
-1901,,
-1906,,
-1848,,
-1838,,
-1802,,
-1778,,
-1792,,
-1799,,
-1773,,
-1714,,
-1694,,
-1696,,
-1731,,
-1704,,
-1742,,
-1769,,
-1762,,
-1766,,
-1761,,
-1736,,
-1692,,
-1690,,
-1676,,
-1665,,
-1635,,
-1638,,
-1647,,
-1642,,
-1654,,
-1638,,
-1626,,
-1647,,
-1670,,
-1653,,
-1637,,
-1655,,
-1682,,
-1701,,
-1737,,
-1746,,
-1742,,
-1727,,
-1719,,
-1718,,
-1726,,
-1753,,
-1768,,
-1764,,
-1751,,
-1775,,
-1786,,
-1783,,
-1822,,
-1837,,
-1834,,
-1854,,
-1843,,
-1791,,
-1756,,
-1694,,
-1653,,
-1642,,
-1640,,
-1666,,
-1687,,
-1656,,
-1654,,
-1683,,
-1678,,
-1699,,
-1736,,
-1752,,
-1757,,
-1738,,
-1791,,
-1802,,
-1834,,
-1880,,
-1827,,
-1756,,
-1794,,
-1800,,
-1767,,
-1770,,
-1800,,
-1749,,
-1773,,
-1771,,
-1754,,
-1736,,
-1730,,
-1734,,
-1774,,
-1757,,
-1747,,
-1736,,
-1755,,
-1725,,
-1725,,
-1744,,
-1729,,
-1742,,
-1743,,
-1748,,
-1781,,
-1781,,
-1790,,
-1834,,
-1874,,
-1928,,
-1972,,
-1990,,
-1975,,
-1984,,
-1952,,
-1995,,
-1998,,
-1987,,
-1979,,
-1975,,
-1954,,
-1956,,
-1958,,
-1973,,
-1917,,
-1911,,
-1887,,
-1849,,
-1890,,
-1978,,
-1957,,
-1937,,
-1960,,
-1976,,
-1964,,
-1992,,
-1946,,
-1945,,
-1934,,
-1939,,
-1975,,
-1992,,
-1957,,
-1982,,
-1989,,
-2000,,
-1973,,
-1980,,
-1975,,
-1963,,
-1964,,
-1948,,
-1943,,
-1931,,
-1896,,
-1905,,
-1924,,
-1946,,
-1959,,
-1962,,
-1955,,
-1954,,
-1957,,
-1937,,
-1978,,
-1971,,
-1968,,
-1968,,
-1953,,
-1979,,
-2003,,
-1975,,
-1972,,
-1968,,
-1991,,
-1989,,
-1976,,
-2001,,
-1999,,
-1981,,
-1979,,
-1976,,
-1981,,
-1967,,
-1955,,
-1974,,
-1993,,
-1980,,
-1985,,
-1986,,
-1970,,
-1978,,
-1970,,
-1991,,
-1970,,
-1952,,
-1961,,
-1969,,
-2018,,
-2040,,
-2063,,
-2014,,
-1959,,
-1959,,
-1914,,
-1901,,
-1866,,
-1876,,
-1854,,
-1829,,
-1839,,
-1951,,
-1953,,
-1950,,
-1986,,
-1991,,
-1960,,
-1997,,
-2112,,
-2137,,
-2112,,
-2158,,
-2113,,
-2091,,
-2076,,
-1836,,
-1833,,
-1894,,
-2007,,
-2110,,
-2112,,
-2104,,
-2215,,
-2291,,
-2381,,
-2357,,
-2346,,
-2334,,
-2418,,
-2435,,
-2398,,
-2392,,
-2388,,
-2379,,
-2423,,
-2414,,
-2389,,
-2368,,
-2310,,
-2287,,
-2278,,
-2332,,
-2382,,
-2399,,
-2465,,
-2493,,
-2517,,
-2476,,
-2486,,
-2512,,
-2504,,
-2406,,
-2417,,
-2429,,
-2382,,
-2366,,
-2391,,
-2336,,
-2222,,
-2176,,
-2202,,
-2178,,
-2223,,
-2257,,
-2272,,
-2520,,
-2539,,
-2459,,
-2345,,
-2262,,
-2253,,
-2251,,
-2138,,
-2073,,
-2008,,
-2028,,
-2035,,
-2054,,
-1979,,
-1952,,
-1982,,
-1974,,
-1989,,
-2000,,
-1968,,
-2000,,
-2026,,
-2052,,
-2067,,
-2063,,
-2052,,
-2065,,
-2072,,
-2063,,
-2035,,
-2008,,
-2003,,
-2015,,
-2020,,
-2021,,
-2017,,
-2003,,
-1987,,
-1992,,
-1972,,
-1977,,
-1980,,
-1967,,
-1970,,
-1961,,
-1956,,
-1945,,
-1933,,
-1921,,
-1923,,
-1914,,
-1909,,
-1920,,
-1922,,
-1911,,
-1909,,
-1926,,
-1920,,
-1918,,
-1927,,
-1924,,
-1946,,
-1949,,
-1951,,
-1965,,
-1969,,
-1977,,
-1975,,
-1959,,
-1976,,
-1964,,
-1947,,
-1937,,
-1934,,
-1955,,
-1972,,
-1966,,
-1960,,
-1963,,
-1998,,
-2021,,
-2020,,
-2033,,
-2039,,
-2043,,
-2031,,
-2037,,
-2036,,
-2044,,
-2058,,
-2065,,
-2065,,
-2097,,
-2110,,
-2120,,
-2110,,
-2112,,
-2113,,
-2103,,
-2113,,
-2109,,
-2095,,
-2083,,
-2093,,
-2096,,
-2116,,
-2117,,
-2119,,
-2124,,
-2119,,
-2116,,
-2100,,
-2109,,
-2101,,
-2096,,
-2097,,
-2099,,
-2089,,
-2083,,
-2065,,
-2075,,
-2090,,
-2098,,
-2099,,
-2091,,
-2065,,
-2058,,
-2053,,
-2017,,
-1968,,
-1948,,
-1941,,
-1950,,
-1937,,
-1941,,
-1950,,
-1952,,
-1957,,
-1956,,
-1960,,
-1959,,
-1957,,
-1945,,
-1918,,
-1922,,
-1921,,
-1929,,
-1918,,
-1955,,
-1938,,
-1949,,
-1981,,
-1964,,
-1936,,
-1863,,
-1826,,
-1831,,
-1838,,
-1841,,
-1836,,
-1834,,
-1834,,
-1828,,
-1821,,
-1825,,
-1822,,
-1812,,
-1824,,
-1844,,
-1820,,
-1808,,
-1800,,
-1790,,
-1812,,
-1810,,
-1807,,
-1814,,
-1837,,
-1863,,
-1897,,
-1902,,
-1899,,
-1897,,
-1875,,
-1874,,
-1865,,
-1846,,
-1841,,
-1809,,
-1823,,
-1824,,
-1844,,
-1856,,
-1872,,
-1867,,
-1886,,
-1877,,
-1904,,
-1881,,
-1884,,
-1885,,
-1864,,
-1906,,
-1926,,
-1992,,
-2030,,
-2044,,
-2009,,
-2006,,
-1996,,
-1995,,
-1995,,
-1980,,
-1998,,
-2002,,
-2010,,
-2013,,
-1999,,
-1985,,
-2014,,
-2017,,
-2002,,
-2007,,
-2006,,
-2003,,
-1985,,
-1989,,
-1977,,
-1971,,
-1979,,
-1986,,
-2013,,
-2006,,
-2033,,
-2045,,
-2057,,
-2082,,
-2081,,
-2098,,
-2098,,
-2090,,
-2084,,
-2069,,
-2042,,
-2048,,
-2027,,
-2023,,
-2010,,
-2014,,
-2022,,
-2015,,
-2006,,
-1992,,
-1995,,
-1996,,
-1981,,
-1947,,
-1968,,
-1960,,
-1974,,
-1963,,
-1954,,
-1967,,
-1953,,
-1944,,
-1927,,
-1901,,
-1902,,
-1905,,
-1901,,
-1921,,
-1948,,
-1951,,
-1956,,
-1967,,
-2042,,
-2048,,
-2022,,
-2052,,
-2075,,
-2076,,
-2102,,
-2072,,
-2063,,
-2047,,
-2039,,
-2041,,
-2047,,
-2065,,
-2061,,
-2087,,
-2062,,
-2073,,
-2111,,
-2089,,
-2112,,
-2096,,
-2105,,
-2112,,
-2088,,
-2089,,
-2097,,
-2103,,
-2109,,
-2100,,
-2109,,
-2129,,
-2130,,
-2141,,
-2131,,
-2146,,
-2178,,
-2167,,
-2168,,
-2166,,
-2169,,
-2194,,
-2203,,
-2211,,
-2217,,
-2189,,
-2180,,
-2182,,
-2157,,
-2155,,
-2114,,
-2119,,
-2139,,
-2111,,
-2082,,
-2079,,
-2041,,
-2063,,
-2064,,
-2072,,
-2079,,
-2065,,
-2074,,
-2069,,
-2049,,
-2029,,
-2038,,
-2025,,
-2027,,
-2042,,
-2034,,
-2057,,
-2048,,
-2031,,
-2030,,
-2015,,
-2013,,
-2025,,
-2017,,
-2027,,
-2027,,
-2003,,
-2010,,
-1998,,
-1974,,
-1965,,
-1961,,
-1940,,
-1951,,
-1946,,
-1952,,
-1947,,
-1935,,
-1923,,
-1906,,
-1898,,
-1902,,
-1910,,
-1924,,
-1911,,
-1921,,
-1922,,
-1904,,
-1924,,
-1924,,
-1922,,
-1938,,
-1930,,
-1937,,
-1930,,
-1930,,
-1939,,
-1939,,
-1927,,
-1943,,
-1934,,
-1931,,
-1935,,
-1923,,
-1915,,
-1910,,
-1925,,
-1920,,
-1931,,
-1955,,
-1943,,
-1957,,
-1940,,
-1923,,
-1924,,
-1904,,
-1914,,
-1908,,
-1902,,
-1935,,
-1931,,
-1914,,
-1939,,
-1930,,
-1943,,
-1949,,
-1947,,
-1965,,
-1962,,
-1966,,
-1970,,
-1974,,
-1947,,
-1957,,
-1970,,
-1958,,
-1936,,
-1964,,
-1944,,
-1935,,
-1933,,
-1911,,
-1917,,
-1916,,
-1918,,
-1919,,
-1906,,
-1912,,
-1897,,
-1885,,
-1880,,
-1891,,
-1897,,
-1896,,
-1906,,
-1902,,
-1911,,
-1930,,
-1920,,
-1918,,
-1937,,
-1896,,
-1891,,
-1897,,
-1899,,
-1908,,
-1906,,
-1916,,
-1918,,
-1913,,
-1933,,
-1938,,
-1940,,
-1952,,
-1944,,
-1930,,
-1947,,
-1927,,
-1939,,
-1960,,
-1964,,
-1952,,
-1976,,
-1946,,
-1940,,
-1947,,
-1940,,
-1944,,
-1931,,
-1956,,
-1960,,
-1954,,
-1959,,
-1956,,
-1950,,
-1950,,
-1969,,
-1960,,
-1986,,
-1977,,
-1997,,
-1997,,
-1997,,
-2001,,
-1989,,
-2001,,
-1984,,
-1957,,
-1958,,
-1947,,
-1951,,
-1979,,
-1983,,
-1982,,
-1980,,
-1987,,
-1976,,
-1969,,
-1978,,
-1992,,
-1986,,
-1983,,
-1991,,
-1978,,
-1997,,
-2007,,
-1991,,
-1994,,
-1982,,
-1968,,
-1971,,
-1981,,
-1979,,
-2000,,
-1999,,
-1991,,
-2014,,
-2003,,
-2014,,
-1997,,
-1995,,
-2006,,
-1931,,
-1923,,
-1907,,
-1921,,
-1885,,
-1888,,
-1880,,
-1844,,
-1813,,
-1809,,
-1797,,
-1809,,
-1836,,
-1827,,
-1833,,
-1865,,
-1866,,
-1910,,
-1918,,
-1919,,
-1928,,
-1912,,
-1914,,
-1896,,
-1907,,
-1902,,
-1915,,
-1894,,
-1908,,
-1903,,
-1916,,
-1907,,
-1890,,
-1912,,
-1940,,
-1950,,
-1931,,
-1933,,
-1925,,
-1925,,
-1949,,
-1937,,
-1936,,
-1940,,
-1927,,
-1934,,
-1949,,
-1931,,
-1934,,
-1933,,
-1989,,
-2023,,
-2059,,
-2042,,
-2077,,
-2080,,
-2079,,
-2107,,
-2136,,
-2139,,
-2153,,
-2129,,
-2111,,
-2124,,
-2103,,
-2060,,
-2095,,
-2068,,
-2067,,
-2076,,
-2082,,
-2119,,
-2120,,
-2150,,
-2170,,
-2187,,
-2183,,
-2206,,
-2188,,
-2190,,
-2189,,
-2228,,
-2224,,
-2215,,
-2193,,
-2216,,
-2242,,
-2264,,
-2269,,
-2263,,
-2241,,
-2269,,
-2282,,
-2278,,
-2281,,
-2260,,
-2247,,
-2283,,
-2272,,
-2268,,
-2259,,
-2260,,
-2232,,
-2239,,
-2219,,
-2206,,
-2217,,
-2231,,
-2227,,
-2253,,
-2259,,
-2269,,
-2297,,
-2283,,
-2305,,
-2314,,
-2254,,
-2227,,
-2200,,
-2218,,
-2248,,
-2227,,
-2207,,
-2197,,
-2172,,
-2162,,
-2139,,
-2138,,
-2139,,
-2125,,
-2171,,
-2171,,
-2178,,
-2164,,
-2179,,
-2136,,
-2145,,
-2133,,
-2125,,
-2150,,
-2105,,
-2068,,
-2072,,
-2050,,
-2084,,
-2109,,
-2073,,
-2070,,
-2042,,
-2034,,
-2075,,
-2089,,
-2058,,
-2080,,
-2098,,
-2062,,
-2052,,
-2071,,
-2068,,
-2044,,
-1991,,
-2057,,
-2082,,
-2075,,
-2064,,
-2089,,
-2095,,
-2130,,
-2163,,
-2150,,
-2137,,
-2131,,
-2137,,
-2168,,
-2165,,
-2168,,
-2201,,
-2234,,
-2240,,
-2244,,
-2157,,
-2130,,
-2127,,
-2100,,
-2057,,
-2077,,
-2067,,
-2055,,
-2063,,
-2043,,
-2117,,
-2097,,
-2104,,
-2065,,
-2025,,
-2017,,
-2039,,
-2018,,
-2067,,
-2047,,
-2017,,
-1946,,
-1973,,
-1940,,
-1953,,
-1994,,
-1997,,
-1955,,
-1956,,
-1947,,
-1976,,
-1904,,
-1850,,
-1862,,
-1865,,
-1865,,
-1896,,
-1877,,
-1857,,
-1847,,
-1811,,
-1830,,
-1846,,
-1812,,
-1821,,
-1837,,
-1812,,
-1765,,
-1760,,
-1785,,
-1824,,
-1817,,
-1820,,
-1852,,
-1880,,
-1902,,
-1905,,
-1911,,
-1946,,
-1935,,
-1874,,
-1913,,
-1902,,
-1970,,
-1986,,
-1967,,
-1996,,
-1996,,
-1983,,
-2017,,
-2030,,
-2063,,
-2082,,
-2087,,
-2072,,
-2081,,
-2072,,
-2115,,
-2121,,
-2127,,
-2121,,
-2126,,
-2117,,
-2092,,
-2082,,
-2046,,
-2031,,
-2041,,
-2033,,
-2041,,
-2035,,
-2036,,
-2024,,
-2019,,
-2044,,
-2020,,
-2033,,
-2036,,
-2038,,
-2040,,
-2039,,
-2038,,
-2044,,
-2051,,
-2028,,
-1995,,
-2023,,
-2033,,
-2019,,
-2028,,
-2051,,
-2052,,
-2052,,
-2036,,
-2051,,
-2076,,
-2072,,
-2081,,
-2085,,
-2068,,
-2077,,
-2066,,
-2068,,
-2076,,
-2061,,
-2053,,
-2058,,
-2026,,
-2038,,
-2028,,
-2063,,
-2075,,
-2066,,
-2089,,
-2107,,
-2127,,
-2136,,
-2138,,
-2151,,
-2148,,
-2164,,
-2153,,
-2163,,
-2160,,
-2128,,
-2122,,
-2129,,
-2115,,
-2115,,
-2098,,
-2077,,
-2088,,
-2074,,
-2050,,
-2078,,
-2073,,
-2023,,
-2009,,
-2003,,
-2008,,
-1996,,
-2026,,
-2002,,
-2012,,
-2006,,
-2005,,
-2006,,
-2014,,
-2039,,
-2067,,
-2060,,
-2052,,
-2056,,
-2032,,
-2040,,
-2053,,
-2050,,
-2047,,
-2042,,
-2040,,
-2043,,
-2046,,
-2040,,
-2059,,
-2023,,
-2041,,
-2059,,
-2005,,
-2036,,
-2032,,
-2004,,
-2015,,
-2018,,
-2016,,
-2034,,
-2063,,
-2032,,
-2056,,
-2061,,
-2050,,
-2062,,
-2026,,
-1998,,
-2022,,
-2012,,
-2019,,
-2062,,
-2059,,
-2048,,
-2046,,
-2058,,
-2036,,
-2063,,
-2051,,
-2029,,
-2024,,
-2011,,
-2002,,
-1978,,
-1969,,
-1968,,
-1973,,
-1965,,
-1988,,
-2008,,
-1993,,
-1982,,
-1979,,
-1969,,
-1963,,
-1950,,
-1928,,
-1947,,
-1937,,
-1975,,
-1967,,
-1951,,
-1986,,
-1960,,
-1964,,
-1992,,
-1981,,
-1980,,
-1970,,
-1986,,
-1961,,
-1993,,
-1954,,
-1941,,
-1945,,
-1946,,
-1976,,
-2012,,
-1996,,
-2000,,
-1998,,
-1970,,
-1984,,
-1994,,
-1965,,
-1981,,
-1976,,
-1951,,
-1947,,
-1948,,
-1945,,
-1962,,
-1989,,
-1991,,
-2014,,
-1994,,
-2010,,
-2024,,
-2008,,
-1987,,
-1980,,
-1992,,
-2017,,
-2016,,
-2039,,
-2046,,
-2061,,
-2046,,
-2043,,
-2012,,
-2000,,
-2018,,
-2031,,
-2008,,
-2018,,
-1979,,
-1991,,
-1981,,
-2004,,
-1993,,
-1997,,
-1977,,
-2028,,
-2006,,
-2028,,
-2045,,
-2053,,
-2042,,
-2066,,
-2061,,
-2061,,
-2076,,
-2054,,
-2048,,
-2091,,
-2068,,
-2087,,
-2093,,
-2086,,
-2095,,
-2085,,
-2086,,
-2061,,
-2056,,
-2043,,
-2066,,
-2032,,
-2037,,
-2039,,
-2057,,
-2077,,
-2093,,
-2085,,
-2073,,
-2073,,
-2076,,
-2090,,
-2106,,
-2107,,
-2118,,
-2094,,
-2088,,
-2078,,
-2089,,
-2093,,
-2127,,
-2133,,
-2150,,
-2156,,
-2162,,
-2167,,
-2196,,
-2172,,
-2208,,
-2205,,
-2137,,
-2124,,
-2133,,
-2117,,
-2130,,
-2152,,
-2153,,
-2173,,
-2148,,
-2135,,
-2143,,
-2097,,
-2099,,
-2142,,
-2126,,
-2138,,
-2145,,
-2144,,
-2154,,
-2128,,
-2135,,
-2161,,
-2136,,
-2136,,
-2111,,
-2118,,
-2117,,
-2123,,
-2137,,
-2112,,
-2104,,
-2080,,
-2079,,
-2092,,
-2102,,
-2142,,
-2101,,
-2101,,
-2144,,
-2123,,
-2097,,
-2098,,
-2086,,
-2078,,
-2060,,
-2059,,
-2042,,
-2031,,
-2006,,
-2025,,
-2066,,
-2074,,
-2083,,
-2072,,
-2082,,
-2115,,
-2071,,
-2135,,
-2181,,
-2157,,
-2199,,
-2198,,
-2221,,
-2168,,
-2163,,
-2219,,
-2216,,
-2210,,
-2196,,
-2224,,
-2221,,
-2228,,
-2223,,
-2239,,
-2234,,
-2200,,
-2179,,
-2159,,
-2141,,
-2141,,
-2122,,
-2109,,
-2157,,
-2131,,
-2124,,
-2144,,
-2153,,
-2158,,
-2156,,
-2140,,
-2184,,
-2168,,
-2159,,
-2145,,
-2174,,
-2150,,
-2152,,
-2192,,
-2211,,
-2208,,
-2219,,
-2215,,
-2207,,
-2242,,
-2246,,
-2210,,
-2228,,
-2146,,
-2146,,
-2183,,
-2140,,
-2170,,
-2153,,
-2188,,
-2189,,
-2130,,
-2113,,
-2123,,
-2141,,
-2129,,
-2121,,
-2131,,
-2126,,
-2115,,
-2125,,
-2122,,
-2139,,
-2155,,
-2160,,
-2196,,
-2208,,
-2256,,
-2227,,
-2225,,
-2242,,
-2226,,
-2251,,
-2248,,
-2203,,
-2231,,
-2214,,
-2205,,
-2200,,
-2206,,
-2164,,
-2175,,
-2159,,
-2134,,
-2132,,
-2114,,
-2107,,
-2104,,
-2111,,
-2062,,
-2042,,
-2038,,
-2051,,
-2058,,
-2053,,
-2033,,
-2046,,
-2024,,
-2018,,
-1994,,
-2001,,
-1981,,
-1970,,
-1974,,
-1953,,
-1937,,
-1926,,
-1939,,
-1948,,
-1927,,
-1933,,
-1937,,
-1930,,
-1939,,
-1921,,
-1910,,
-1910,,
-1881,,
-1867,,
-1879,,
-1867,,
-1859,,
-1850,,
-1864,,
-1895,,
-1891,,
-1884,,
-1902,,
-1922,,
-1921,,
-1922,,
-1932,,
-1936,,
-1930,,
-1927,,
-1915,,
-1920,,
-1920,,
-1899,,
-1910,,
-1914,,
-1913,,
-1903,,
-1902,,
-1881,,
-1878,,
-1878,,
-1886,,
-1887,,
-1918,,
-1910,,
-1929,,
-1938,,
-1910,,
-1927,,
-1916,,
-1931,,
-1928,,
-1925,,
-2015,,
-1994,,
-2062,,
-2001,,
-1980,,
-2040,,
-2030,,
-2062,,
-2094,,
-2052,,
-2054,,
-2069,,
-2027,,
-2026,,
-2007,,
-1986,,
-2000,,
-1990,,
-1995,,
-1964,,
-1959,,
-1973,,
-1987,,
-2005,,
-2016,,
-2022,,
-2015,,
-2007,,
-2026,,
-2027,,
-2032,,
-2031,,
-2026,,
-2037,,
-2038,,
-2025,,
-2027,,
-2031,,
-2069,,
-2051,,
-2036,,
-2073,,
-2052,,
-2035,,
-2068,,
-2053,,
-2090,,
-2088,,
-2052,,
-2052,,
-1971,,
-1991,,
-1921,,
-1976,,
-1991,,
-1949,,
-1957,,
-1922,,
-1894,,
-1933,,
-1916,,
-1903,,
-1925,,
-1930,,
-1934,,
-1936,,
-1901,,
-1917,,
-1927,,
-1952,,
-1953,,
-1950,,
-1929,,
-1907,,
-1900,,
-1892,,
-1913,,
-1913,,
-1910,,
-1933,,
-1926,,
-1926,,
-1934,,
-1928,,
-1932,,
-1952,,
-1958,,
-1946,,
-1913,,
-1931,,
-1946,,
-1928,,
-1957,,
-1990,,
-1979,,
-1989,,
-1974,,
-1975,,
-1988,,
-1992,,
-1982,,
-1985,,
-1995,,
-2007,,
-2015,,
-2019,,
-2005,,
-2016,,
-1991,,
-1976,,
-1989,,
-1988,,
-2001,,
-1992,,
-1992,,
-2005,,
-2022,,
-2016,,
-2004,,
-2013,,
-2010,,
-2020,,
-2038,,
-2048,,
-2056,,
-2066,,
-2066,,
-2074,,
-2063,,
-2044,,
-2059,,
-2068,,
-2052,,
-2060,,
-2056,,
-2049,,
-2055,,
-2060,,
-2055,,
-2052,,
-2027,,
-2018,,
-2014,,
-1999,,
-1997,,
-1984,,
-1977,,
-1976,,
-1975,,
-1965,,
-1993,,
-1986,,
-1972,,
-1972,,
-1964,,
-1975,,
-1991,,
-1986,,
-2008,,
-2017,,
-2024,,
-2021,,
-2011,,
-2023,,
-2033,,
-2018,,
-2022,,
-2021,,
-2015,,
-2007,,
-2010,,
-2002,,
-1997,,
-1991,,
-1981,,
-1973,,
-1963,,
-1958,,
-1957,,
-1962,,
-1963,,
-1952,,
-1964,,
-1969,,
-1970,,
-1975,,
-1968,,
-1960,,
-1968,,
-1977,,
-1988,,
-1987,,
-1986,,
-1980,,
-1968,,
-1978,,
-1988,,
-1989,,
-1988,,
-1998,,
-1995,,
-2000,,
-2018,,
-2008,,
-2005,,
-2009,,
-2006,,
-2008,,
-2005,,
-2009,,
-2001,,
-2003,,
-2021,,
-2013,,
-2012,,
-2025,,
-2021,,
-2021,,
-2020,,
-2020,,
-2029,,
-2024,,
-2020,,
-2025,,
-2022,,
-2021,,
-2018,,
-2023,,
-2029,,
-2032,,
-2027,,
-2030,,
-2030,,
-2025,,
-2022,,
-2021,,
-2021,,
-2029,,
-2027,,
-2022,,
-2025,,
-2033,,
-2032,,
-2038,,
-2048,,
-2043,,
-2040,,
-2033,,
-2037,,
-2036,,
-2033,,
-2030,,
-2027,,
-2030,,
-2032,,
-2022,,
-2018,,
-2013,,
-2017,,
-2016,,
-2018,,
-2021,,
-2012,,
-2009,,
-2005,,
-1996,,
-1997,,
-1998,,
-1997,,
-1998,,
-1996,,
-1995,,
-1992,,
-1991,,
-1989,,
-1990,,
-1994,,
-1991,,
-1989,,
-1992,,
-1993,,
-1993,,
-1992,,
-1996,,
-1999,,
-1998,,
-2000,,
-1994,,
-1995,,
-1998,,
-1999,,
-1997,,
-1999,,
-2001,,
-1996,,
-1998,,
-1997,,
-2004,,
-2005,,
-2006,,
-2006,,
-2008,,
-2007,,
-2006,,
-2001,,
-2006,,
-2008,,
-2012,,
-2012,,
-2012,,
-2013,,
-2011,,
-2009,,
-2011,,
-2011,,
-2012,,
-2010,,
-2012,,
-2014,,
-2014,,
-2011,,
-2013,,
-2016,,
-2013,,
-2016,,
-2013,,
-2015,,
-2011,,
-2010,,
-2006,,
-2007,,
-2006,,
-2003,,
-2001,,
-1996,,
-1998,,
-1993,,
-1994,,
-1995,,
-1991,,
-1990,,
-1990,,
-1991,,
-1991,,
-1989,,
-1990,,
-1993,,
-1992,,
-1992,,
-1991,,
-1993,,
-1991,,
-1990,,
-1993,,
-1996,,
-1995,,
-1992,,
-1991,,
-1990,,
-1991,,
-1990,,
-1990,,
-1992,,
-1991,,
-1991,,
-1990,,
-1991,,
-1990,,
-1989,,
-1987,,
-1988,,
-1988,,
-1987,,
-1988,,
-1988,,
-1991,,
-1989,,
-1993,,
-1994,,
-1997,,
-1995,,
-1995,,
-1999,,
-1998,,
-2002,,
-2001,,
-2002,,
-2000,,
-1998,,
-2001,,
-2001,,
-2000,,
-1999,,
-1999,,
-2002,,
-2001,,
-2000,,
-1999,,
-1998,,
-1999,,
-1999,,
-2000,,
-2001,,
-2000,,
-2000,,
-1999,,
-2000,,
-2000,,
-2000,,
-1999,,
-1999,,
-2000,,
-2001,,
-2002,,
-2004,,
-2004,,
-2003,,
-2003,,
-2004,,
-2005,,
-2004,,
-2003,,
-2003,,
-2004,,
-2004,,
-2005,,
-2004,,
-2003,,
-2001,,
-2001,,
-2003,,
-2002,,
-2001,,
-2001,,
-2002,,
-2002,,
-2003,,
-2004,,
-2005,,
-2004,,
-2004,,
-2005,,
-2005,,
-2004,,
-2003,,
-2003,,
-2003,,
-2004,,
-2003,,
-2003,,
-2003,,
-2003,,
-2002,,
-2002,,
-2002,,
-2002,,
-2002,,
-2001,,
-2002,,
-2004,,
-2003,,
-2002,,
-2002,,
-2001,,
-2002,,
-2002,,
-2002,,
-2001,,
-2001,,
-2000,,
-2000,,
-2001,,
-2001,,
-2000,,
-2000,,
-2000,,
-2001,,
-2002,,
-2002,,
-2002,,
-2003,,
-2003,,
-2004,,
-2003,,
-2002,,
-2003,,
-2002,,
-2003,,
-2003,,
-2003,,
-2002,,
-2003,,
-2003,,
-2002,,
-2002,,
-2001,,
-2001,,
-2001,,
-2002,,
-2002,,
-2002,,
-2002,,
-2001,,
-2001,,
-2002,,
-2003,,
-2003,,
-2003,,
-2002,,
-2002,,
-2002,,
-2002,,
-2002,,
-2002,,
-2002,,
-2002,,
-2001,,
-2001,,
-2002,,
-2001,,
-2001,,
-2002,,
-2002,,
-2002,,
-2002,,
-2002,,
-2002,,
-2002,,
-2003,,
-2002,,
-2001,,
-2001,,
-2001,,
-2002,,
-2001,,
-2001,,
-2001,,
-2000,,
-2000,,
-2002,,
-2002,,
-2000,,
-2000,,
-2001,,
-2001,,
-2002,,
-2002,,
-2002,,
-2002,,
-2002,,
-2003,,
-2003,,
-2003,,
-2003,,
-2001,,
-2002,,
-2003,,
-2002,,
-2002,,
-2003,,
-2003,,
-2004,,
-2004,,
-2005,,
-2004,,
-2003,,
-2003,,
-2003,,
-2003,,
-2003,,
-2003,,
-2002,,
-2003,,
-2002,,
-2002,,
-2001,,
-2002,,
-2001,,
-2001,,
-2002,,
-2002,,
-2001,,
-2001,,
-2002,,
-2003,,
-2003,,
-2003,,
-2004,,
-2004,,
-2003,,
-2002,,
-2004,,
-2004,,
-2004,,
-2004,,
-2004,,
-2005,,
-2004,,
-2003,,
-2004,,
-2003,,
-2003,,
-2003,,
-2003,,
-2004,,
-2003,,
-2002,,
-2003,,
-2003,,
-2003,,
-2002,,
-2002,,
-2002,,
-2002,,
-2002,,
-2002,,
-2001,,
-2002,,
-2002,,
-2002,,
-2002,,
-2003,,
-2003,,
-2003,,
-2004,,
-2005,,
-2004,,
-2004,,
-2004,,
-2004,,
-2003,,
-2003,,
-2003,,
-2003,,
-2002,,
-2002,,
-2002,,
-2002,,
-2002,,
-2002,,
-2002,,
-2001,,
-2001,,
-2001,,
-2001,,
-2002,,
-2001,,
-2001,,
-2001,,
-2001,,
-2001,,
-2001,,
-2002,,
-2002,,
-2002,,
-2002,,
-2002,,
-2002,,
-2002,,
-2002,,
-2002,,
-2003,,
-2003,,
-2003,,
-2004,,
-2004,,
-2004,,
-2004,,
-2005,,
-2005,,
-2005,,
-2005,,
-2004,,
-2004,,
-2003,,
-2003,,
-2004,,
-2004,,
-2005,,
-2005,,
-2005,,
-2006,,
-2006,,
-2006,,
-2006,,
-2006,,
-2007,,
-2007,,
-2007,,
-2007,,
-2006,,
-2006,,
-2007,,
-2007,,
-2007,,
-2006,,
-2007,,
-2007,,
-2007,,
-2007,,
-2006,,
-2007,,
-2007,,
-2006,,
-2006,,
-2005,,
-2006,,
-2006,,
-2006,,
-2005,,
-2005,,
-2004,,
-2005,,
-2005,,
-2005,,
-2005,,
-2005,,
-2005,,
-2004,,
-2004,,
-2004,,
-2004,,
-2004,,
-2004,,
-2004,,
-2004,,
-2004,,
-2005,,
-2004,,
-2003,,
-2003,,
-2003,,
-2003,,
-2004,,
-2003,,
